s,p,o
ex:coin_5770,nmo:hasIssuer,ex:issuer_33
ex:coin_5770,nmo:hasIssuer,ex:issuer_48
ex:coin_5770,nmo:hasPortrait,ex:person_107
ex:person_107,ex:hasPossibleIssuers,ex:issuer_33
ex:person_107,ex:hasPossibleIssuers,ex:issuer_52
ex:issuer_33,ex:inPossibleIssuersOf,ex:person_2
ex:issuer_33,ex:inPossibleIssuersOf,ex:person_107
ex:issuer_33,ex:inPossibleIssuersOf,ex:person_176
ex:issuer_48,ex:inPossibleIssuersOf,ex:person_2
ex:issuer_48,ex:inPossibleIssuersOf,ex:person_4
ex:issuer_48,ex:inPossibleIssuersOf,ex:person_129
ex:issuer_48,ex:inPossibleIssuersOf,ex:person_155
ex:issuer_48,ex:inPossibleIssuersOf,ex:person_156
ex:person_2,ex:hasPossibleIssuers,ex:issuer_33
ex:person_2,ex:hasPossibleIssuers,ex:issuer_48
ex:person_176,ex:hasPossibleIssuers,ex:issuer_33
ex:person_4,ex:hasPossibleIssuers,ex:issuer_48
ex:person_4,ex:hasPossibleIssuers,ex:issuer_52
ex:person_4,ex:hasPossibleIssuers,ex:issuer_53
ex:person_4,ex:hasPossibleIssuers,ex:issuer_288
ex:person_129,ex:hasPossibleIssuers,ex:issuer_48
ex:person_129,ex:hasPossibleIssuers,ex:issuer_53
ex:person_129,ex:hasPossibleIssuers,ex:issuer_58
ex:person_155,ex:hasPossibleIssuers,ex:issuer_48
ex:person_155,ex:hasPossibleIssuers,ex:issuer_53
ex:person_156,ex:hasPossibleIssuers,ex:issuer_48
ex:coin_8562,nmo:hasIssuer,ex:issuer_48
ex:coin_8562,nmo:hasIssuer,ex:issuer_52
ex:coin_8562,nmo:hasPortrait,ex:person_107
ex:issuer_52,ex:inPossibleIssuersOf,ex:person_4
ex:issuer_52,ex:inPossibleIssuersOf,ex:person_5
ex:issuer_52,ex:inPossibleIssuersOf,ex:person_107
ex:issuer_52,ex:inPossibleIssuersOf,ex:person_108
ex:issuer_52,ex:inPossibleIssuersOf,ex:person_109
ex:issuer_52,ex:inPossibleIssuersOf,ex:person_153
ex:issuer_52,ex:inPossibleIssuersOf,ex:person_154
ex:issuer_52,ex:inPossibleIssuersOf,ex:person_169
ex:issuer_52,ex:inPossibleIssuersOf,ex:person_185
ex:person_5,ex:hasPossibleIssuers,ex:issuer_52
ex:person_5,ex:hasPossibleIssuers,ex:issuer_53
ex:person_108,ex:hasPossibleIssuers,ex:issuer_52
ex:person_108,ex:hasPossibleIssuers,ex:issuer_53
ex:person_109,ex:hasPossibleIssuers,ex:issuer_52
ex:person_109,ex:hasPossibleIssuers,ex:issuer_53
ex:person_109,ex:hasPossibleIssuers,ex:issuer_55
ex:person_153,ex:hasPossibleIssuers,ex:issuer_52
ex:person_154,ex:hasPossibleIssuers,ex:issuer_52
ex:person_169,ex:hasPossibleIssuers,ex:issuer_52
ex:person_185,ex:hasPossibleIssuers,ex:issuer_52
ex:coin_6249,nmo:hasIssuer,ex:issuer_52
ex:coin_6249,nmo:hasIssuer,ex:issuer_53
ex:coin_6249,nmo:hasPortrait,ex:person_5
ex:issuer_53,ex:inPossibleIssuersOf,ex:person_4
ex:issuer_53,ex:inPossibleIssuersOf,ex:person_5
ex:issuer_53,ex:inPossibleIssuersOf,ex:person_108
ex:issuer_53,ex:inPossibleIssuersOf,ex:person_109
ex:issuer_53,ex:inPossibleIssuersOf,ex:person_112
ex:issuer_53,ex:inPossibleIssuersOf,ex:person_114
ex:issuer_53,ex:inPossibleIssuersOf,ex:person_116
ex:issuer_53,ex:inPossibleIssuersOf,ex:person_117
ex:issuer_53,ex:inPossibleIssuersOf,ex:person_129
ex:issuer_53,ex:inPossibleIssuersOf,ex:person_155
ex:issuer_53,ex:inPossibleIssuersOf,ex:person_183
ex:issuer_53,ex:inPossibleIssuersOf,ex:person_184
ex:person_112,ex:hasPossibleIssuers,ex:issuer_53
ex:person_114,ex:hasPossibleIssuers,ex:issuer_53
ex:person_116,ex:hasPossibleIssuers,ex:issuer_53
ex:person_117,ex:hasPossibleIssuers,ex:issuer_53
ex:person_183,ex:hasPossibleIssuers,ex:issuer_53
ex:person_184,ex:hasPossibleIssuers,ex:issuer_53
ex:person_184,ex:hasPossibleIssuers,ex:issuer_55
ex:coin_987,nmo:hasIssuer,ex:issuer_60
ex:coin_987,nmo:hasIssuer,ex:issuer_63
ex:coin_987,nmo:hasPortrait,ex:person_7
ex:person_7,ex:hasPossibleIssuers,ex:issuer_60
ex:person_7,ex:hasPossibleIssuers,ex:issuer_63
ex:person_7,ex:hasPossibleIssuers,ex:issuer_70
ex:issuer_60,ex:inPossibleIssuersOf,ex:person_6
ex:issuer_60,ex:inPossibleIssuersOf,ex:person_7
ex:issuer_60,ex:inPossibleIssuersOf,ex:person_9
ex:issuer_63,ex:inPossibleIssuersOf,ex:person_6
ex:issuer_63,ex:inPossibleIssuersOf,ex:person_7
ex:issuer_63,ex:inPossibleIssuersOf,ex:person_9
ex:issuer_63,ex:inPossibleIssuersOf,ex:person_125
ex:issuer_63,ex:inPossibleIssuersOf,ex:person_172
ex:person_6,ex:hasPossibleIssuers,ex:issuer_60
ex:person_6,ex:hasPossibleIssuers,ex:issuer_63
ex:person_9,ex:hasPossibleIssuers,ex:issuer_60
ex:person_9,ex:hasPossibleIssuers,ex:issuer_63
ex:person_9,ex:hasPossibleIssuers,ex:issuer_288
ex:person_125,ex:hasPossibleIssuers,ex:issuer_63
ex:person_172,ex:hasPossibleIssuers,ex:issuer_63
ex:person_172,ex:hasPossibleIssuers,ex:issuer_70
ex:coin_12072,nmo:hasIssuer,ex:issuer_60
ex:coin_12072,nmo:hasIssuer,ex:issuer_63
ex:coin_12072,nmo:hasIssuer,ex:issuer_70
ex:coin_12072,nmo:hasPortrait,ex:person_7
ex:issuer_70,ex:inPossibleIssuersOf,ex:person_7
ex:issuer_70,ex:inPossibleIssuersOf,ex:person_150
ex:issuer_70,ex:inPossibleIssuersOf,ex:person_152
ex:issuer_70,ex:inPossibleIssuersOf,ex:person_172
ex:person_150,ex:hasPossibleIssuers,ex:issuer_70
ex:person_150,ex:hasPossibleIssuers,ex:issuer_288
ex:person_152,ex:hasPossibleIssuers,ex:issuer_70
ex:coin_13623,nmo:hasIssuer,ex:issuer_60
ex:coin_13623,nmo:hasIssuer,ex:issuer_63
ex:coin_13623,nmo:hasPortrait,ex:person_7
ex:coin_13826,nmo:hasIssuer,ex:issuer_60
ex:coin_13826,nmo:hasIssuer,ex:issuer_63
ex:coin_13826,nmo:hasPortrait,ex:person_7
ex:coin_15661,nmo:hasIssuer,ex:issuer_60
ex:coin_15661,nmo:hasIssuer,ex:issuer_63
ex:coin_15661,nmo:hasPortrait,ex:person_6
ex:coin_3302,nmo:hasIssuer,ex:issuer_83
ex:coin_3302,nmo:hasIssuer,ex:issuer_88
ex:coin_3302,nmo:hasPortrait,ex:person_17
ex:person_17,ex:hasPossibleIssuers,ex:issuer_83
ex:person_17,ex:hasPossibleIssuers,ex:issuer_88
ex:person_17,ex:hasPossibleIssuers,ex:issuer_269
ex:issuer_83,ex:inPossibleIssuersOf,ex:person_11
ex:issuer_83,ex:inPossibleIssuersOf,ex:person_12
ex:issuer_83,ex:inPossibleIssuersOf,ex:person_14
ex:issuer_83,ex:inPossibleIssuersOf,ex:person_15
ex:issuer_83,ex:inPossibleIssuersOf,ex:person_16
ex:issuer_83,ex:inPossibleIssuersOf,ex:person_17
ex:issuer_83,ex:inPossibleIssuersOf,ex:person_135
ex:issuer_88,ex:inPossibleIssuersOf,ex:person_14
ex:issuer_88,ex:inPossibleIssuersOf,ex:person_16
ex:issuer_88,ex:inPossibleIssuersOf,ex:person_17
ex:issuer_88,ex:inPossibleIssuersOf,ex:person_19
ex:issuer_88,ex:inPossibleIssuersOf,ex:person_118
ex:issuer_88,ex:inPossibleIssuersOf,ex:person_126
ex:issuer_88,ex:inPossibleIssuersOf,ex:person_135
ex:issuer_88,ex:inPossibleIssuersOf,ex:person_140
ex:issuer_88,ex:inPossibleIssuersOf,ex:person_141
ex:person_11,ex:hasPossibleIssuers,ex:issuer_77
ex:person_11,ex:hasPossibleIssuers,ex:issuer_83
ex:person_12,ex:hasPossibleIssuers,ex:issuer_77
ex:person_12,ex:hasPossibleIssuers,ex:issuer_83
ex:person_14,ex:hasPossibleIssuers,ex:issuer_83
ex:person_14,ex:hasPossibleIssuers,ex:issuer_88
ex:person_15,ex:hasPossibleIssuers,ex:issuer_83
ex:person_16,ex:hasPossibleIssuers,ex:issuer_83
ex:person_16,ex:hasPossibleIssuers,ex:issuer_88
ex:person_135,ex:hasPossibleIssuers,ex:issuer_83
ex:person_135,ex:hasPossibleIssuers,ex:issuer_88
ex:person_135,ex:hasPossibleIssuers,ex:issuer_288
ex:person_19,ex:hasPossibleIssuers,ex:issuer_88
ex:person_118,ex:hasPossibleIssuers,ex:issuer_88
ex:person_126,ex:hasPossibleIssuers,ex:issuer_88
ex:person_140,ex:hasPossibleIssuers,ex:issuer_88
ex:person_140,ex:hasPossibleIssuers,ex:issuer_93
ex:person_141,ex:hasPossibleIssuers,ex:issuer_88
ex:person_141,ex:hasPossibleIssuers,ex:issuer_94
ex:person_141,ex:hasPossibleIssuers,ex:issuer_288
ex:coin_4726,nmo:hasIssuer,ex:issuer_83
ex:coin_4726,nmo:hasIssuer,ex:issuer_88
ex:coin_4726,nmo:hasPortrait,ex:person_17
ex:coin_4738,nmo:hasIssuer,ex:issuer_83
ex:coin_4738,nmo:hasIssuer,ex:issuer_88
ex:coin_4738,nmo:hasPortrait,ex:person_17
ex:coin_6237,nmo:hasIssuer,ex:issuer_83
ex:coin_6237,nmo:hasIssuer,ex:issuer_88
ex:coin_6237,nmo:hasPortrait,ex:person_17
ex:coin_7959,nmo:hasIssuer,ex:issuer_83
ex:coin_7959,nmo:hasIssuer,ex:issuer_88
ex:coin_7959,nmo:hasPortrait,ex:person_17
ex:coin_8223,nmo:hasIssuer,ex:issuer_83
ex:coin_8223,nmo:hasIssuer,ex:issuer_88
ex:coin_8223,nmo:hasPortrait,ex:person_17
ex:coin_8318,nmo:hasIssuer,ex:issuer_83
ex:coin_8318,nmo:hasIssuer,ex:issuer_88
ex:coin_8318,nmo:hasPortrait,ex:person_17
ex:coin_8945,nmo:hasIssuer,ex:issuer_83
ex:coin_8945,nmo:hasIssuer,ex:issuer_88
ex:coin_8945,nmo:hasPortrait,ex:person_17
ex:coin_9200,nmo:hasIssuer,ex:issuer_83
ex:coin_9200,nmo:hasIssuer,ex:issuer_88
ex:coin_9200,nmo:hasPortrait,ex:person_17
ex:coin_9257,nmo:hasIssuer,ex:issuer_83
ex:coin_9257,nmo:hasIssuer,ex:issuer_88
ex:coin_9257,nmo:hasPortrait,ex:person_17
ex:coin_9297,nmo:hasIssuer,ex:issuer_83
ex:coin_9297,nmo:hasIssuer,ex:issuer_88
ex:coin_9297,nmo:hasPortrait,ex:person_17
ex:coin_9499,nmo:hasIssuer,ex:issuer_83
ex:coin_9499,nmo:hasIssuer,ex:issuer_88
ex:coin_9499,nmo:hasPortrait,ex:person_17
ex:coin_9864,nmo:hasIssuer,ex:issuer_83
ex:coin_9864,nmo:hasIssuer,ex:issuer_88
ex:coin_9864,nmo:hasPortrait,ex:person_17
ex:coin_9965,nmo:hasIssuer,ex:issuer_83
ex:coin_9965,nmo:hasIssuer,ex:issuer_88
ex:coin_9965,nmo:hasPortrait,ex:person_17
ex:coin_10143,nmo:hasIssuer,ex:issuer_83
ex:coin_10143,nmo:hasIssuer,ex:issuer_88
ex:coin_10143,nmo:hasPortrait,ex:person_17
ex:coin_10202,nmo:hasIssuer,ex:issuer_83
ex:coin_10202,nmo:hasIssuer,ex:issuer_88
ex:coin_10202,nmo:hasPortrait,ex:person_17
ex:coin_11692,nmo:hasIssuer,ex:issuer_83
ex:coin_11692,nmo:hasIssuer,ex:issuer_88
ex:coin_11692,nmo:hasPortrait,ex:person_17
ex:coin_12641,nmo:hasIssuer,ex:issuer_83
ex:coin_12641,nmo:hasIssuer,ex:issuer_88
ex:coin_12641,nmo:hasPortrait,ex:person_17
ex:coin_15091,nmo:hasIssuer,ex:issuer_83
ex:coin_15091,nmo:hasIssuer,ex:issuer_88
ex:coin_15091,nmo:hasPortrait,ex:person_17
ex:coin_28686,nmo:hasIssuer,ex:issuer_83
ex:coin_28686,nmo:hasIssuer,ex:issuer_88
ex:coin_28686,nmo:hasPortrait,ex:person_17
ex:coin_28771,nmo:hasIssuer,ex:issuer_83
ex:coin_28771,nmo:hasIssuer,ex:issuer_88
ex:coin_28771,nmo:hasPortrait,ex:person_17
ex:coin_28920,nmo:hasIssuer,ex:issuer_83
ex:coin_28920,nmo:hasIssuer,ex:issuer_88
ex:coin_28920,nmo:hasPortrait,ex:person_17
ex:coin_29336,nmo:hasIssuer,ex:issuer_83
ex:coin_29336,nmo:hasIssuer,ex:issuer_88
ex:coin_29336,nmo:hasPortrait,ex:person_17
ex:coin_29695,nmo:hasIssuer,ex:issuer_83
ex:coin_29695,nmo:hasIssuer,ex:issuer_88
ex:coin_29695,nmo:hasPortrait,ex:person_17
ex:coin_30160,nmo:hasIssuer,ex:issuer_83
ex:coin_30160,nmo:hasIssuer,ex:issuer_88
ex:coin_30160,nmo:hasPortrait,ex:person_17
ex:coin_31004,nmo:hasIssuer,ex:issuer_83
ex:coin_31004,nmo:hasIssuer,ex:issuer_88
ex:coin_31004,nmo:hasPortrait,ex:person_17
ex:coin_33739,nmo:hasIssuer,ex:issuer_83
ex:coin_33739,nmo:hasIssuer,ex:issuer_88
ex:coin_33739,nmo:hasPortrait,ex:person_17
ex:coin_12853,nmo:hasIssuer,ex:issuer_88
ex:coin_12853,nmo:hasIssuer,ex:issuer_94
ex:coin_12853,nmo:hasPortrait,ex:person_118
ex:issuer_94,ex:inPossibleIssuersOf,ex:person_21
ex:issuer_94,ex:inPossibleIssuersOf,ex:person_138
ex:issuer_94,ex:inPossibleIssuersOf,ex:person_141
ex:person_21,ex:hasPossibleIssuers,ex:issuer_94
ex:person_138,ex:hasPossibleIssuers,ex:issuer_94
ex:person_138,ex:hasPossibleIssuers,ex:issuer_288
ex:coin_13479,nmo:hasIssuer,ex:issuer_93
ex:coin_13479,nmo:hasIssuer,ex:issuer_88
ex:coin_13479,nmo:hasPortrait,ex:person_14
ex:issuer_93,ex:inPossibleIssuersOf,ex:person_140
ex:coin_9495,nmo:hasIssuer,ex:issuer_97
ex:coin_9495,nmo:hasIssuer,ex:issuer_100
ex:coin_9495,nmo:hasPortrait,ex:person_22
ex:person_22,ex:hasPossibleIssuers,ex:issuer_100
ex:issuer_97,ex:inPossibleIssuersOf,ex:person_148
ex:issuer_100,ex:inPossibleIssuersOf,ex:person_22
ex:issuer_100,ex:inPossibleIssuersOf,ex:person_23
ex:issuer_100,ex:inPossibleIssuersOf,ex:person_127
ex:issuer_100,ex:inPossibleIssuersOf,ex:person_136
ex:issuer_100,ex:inPossibleIssuersOf,ex:person_148
ex:issuer_100,ex:inPossibleIssuersOf,ex:person_162
ex:issuer_100,ex:inPossibleIssuersOf,ex:person_188
ex:person_148,ex:hasPossibleIssuers,ex:issuer_97
ex:person_148,ex:hasPossibleIssuers,ex:issuer_100
ex:person_148,ex:hasPossibleIssuers,ex:issuer_288
ex:person_23,ex:hasPossibleIssuers,ex:issuer_100
ex:person_127,ex:hasPossibleIssuers,ex:issuer_100
ex:person_127,ex:hasPossibleIssuers,ex:issuer_103
ex:person_136,ex:hasPossibleIssuers,ex:issuer_100
ex:person_136,ex:hasPossibleIssuers,ex:issuer_103
ex:person_162,ex:hasPossibleIssuers,ex:issuer_100
ex:person_162,ex:hasPossibleIssuers,ex:issuer_231
ex:person_188,ex:hasPossibleIssuers,ex:issuer_100
ex:coin_9860,nmo:hasIssuer,ex:issuer_97
ex:coin_9860,nmo:hasIssuer,ex:issuer_100
ex:coin_9860,nmo:hasPortrait,ex:person_22
ex:coin_11467,nmo:hasIssuer,ex:issuer_97
ex:coin_11467,nmo:hasIssuer,ex:issuer_100
ex:coin_11467,nmo:hasPortrait,ex:person_22
ex:coin_36435,nmo:hasIssuer,ex:issuer_97
ex:coin_36435,nmo:hasIssuer,ex:issuer_100
ex:coin_36435,nmo:hasPortrait,ex:person_22
ex:coin_6252,nmo:hasIssuer,ex:issuer_102
ex:coin_6252,nmo:hasIssuer,ex:issuer_103
ex:coin_6252,nmo:hasPortrait,ex:person_47
ex:person_47,ex:hasPossibleIssuers,ex:issuer_102
ex:issuer_102,ex:inPossibleIssuersOf,ex:person_47
ex:issuer_102,ex:inPossibleIssuersOf,ex:person_110
ex:issuer_102,ex:inPossibleIssuersOf,ex:person_113
ex:issuer_102,ex:inPossibleIssuersOf,ex:person_170
ex:issuer_102,ex:inPossibleIssuersOf,ex:person_171
ex:issuer_102,ex:inPossibleIssuersOf,ex:person_194
ex:issuer_103,ex:inPossibleIssuersOf,ex:person_25
ex:issuer_103,ex:inPossibleIssuersOf,ex:person_127
ex:issuer_103,ex:inPossibleIssuersOf,ex:person_128
ex:issuer_103,ex:inPossibleIssuersOf,ex:person_136
ex:issuer_103,ex:inPossibleIssuersOf,ex:person_149
ex:issuer_103,ex:inPossibleIssuersOf,ex:person_191
ex:issuer_103,ex:inPossibleIssuersOf,ex:person_194
ex:person_110,ex:hasPossibleIssuers,ex:issuer_102
ex:person_113,ex:hasPossibleIssuers,ex:issuer_102
ex:person_170,ex:hasPossibleIssuers,ex:issuer_102
ex:person_171,ex:hasPossibleIssuers,ex:issuer_102
ex:person_194,ex:hasPossibleIssuers,ex:issuer_102
ex:person_194,ex:hasPossibleIssuers,ex:issuer_103
ex:person_25,ex:hasPossibleIssuers,ex:issuer_103
ex:person_128,ex:hasPossibleIssuers,ex:issuer_103
ex:person_149,ex:hasPossibleIssuers,ex:issuer_103
ex:person_149,ex:hasPossibleIssuers,ex:issuer_288
ex:person_191,ex:hasPossibleIssuers,ex:issuer_103
ex:coin_9324,nmo:hasIssuer,ex:issuer_110
ex:coin_9324,nmo:hasIssuer,ex:issuer_111
ex:coin_9324,nmo:hasPortrait,ex:person_192
ex:person_192,ex:hasPossibleIssuers,ex:issuer_111
ex:issuer_110,ex:inPossibleIssuersOf,ex:person_131
ex:issuer_111,ex:inPossibleIssuersOf,ex:person_44
ex:issuer_111,ex:inPossibleIssuersOf,ex:person_45
ex:issuer_111,ex:inPossibleIssuersOf,ex:person_131
ex:issuer_111,ex:inPossibleIssuersOf,ex:person_192
ex:issuer_111,ex:inPossibleIssuersOf,ex:person_193
ex:person_131,ex:hasPossibleIssuers,ex:issuer_110
ex:person_131,ex:hasPossibleIssuers,ex:issuer_111
ex:person_44,ex:hasPossibleIssuers,ex:issuer_111
ex:person_45,ex:hasPossibleIssuers,ex:issuer_111
ex:person_193,ex:hasPossibleIssuers,ex:issuer_111
ex:coin_16130,nmo:hasIssuer,ex:issuer_110
ex:coin_16130,nmo:hasIssuer,ex:issuer_111
ex:coin_16130,nmo:hasPortrait,ex:person_193
ex:coin_976,nmo:hasIssuer,ex:issuer_131
ex:coin_976,nmo:hasIssuer,ex:issuer_154
ex:coin_976,nmo:hasPortrait,ex:person_41
ex:person_41,ex:hasPossibleIssuers,ex:issuer_151
ex:person_41,ex:hasPossibleIssuers,ex:issuer_152
ex:issuer_131,ex:inPossibleIssuersOf,ex:person_31
ex:issuer_131,ex:inPossibleIssuersOf,ex:person_42
ex:person_31,ex:hasPossibleIssuers,ex:issuer_131
ex:person_31,ex:hasPossibleIssuers,ex:issuer_281
ex:person_42,ex:hasPossibleIssuers,ex:issuer_131
ex:coin_981,nmo:hasIssuer,ex:issuer_131
ex:coin_981,nmo:hasIssuer,ex:issuer_154
ex:coin_981,nmo:hasPortrait,ex:person_41
ex:coin_1030,nmo:hasIssuer,ex:issuer_131
ex:coin_1030,nmo:hasIssuer,ex:issuer_154
ex:coin_1030,nmo:hasPortrait,ex:person_40
ex:person_40,ex:hasPossibleIssuers,ex:issuer_151
ex:person_40,ex:hasPossibleIssuers,ex:issuer_152
ex:coin_1036,nmo:hasIssuer,ex:issuer_131
ex:coin_1036,nmo:hasIssuer,ex:issuer_154
ex:coin_1036,nmo:hasPortrait,ex:person_41
ex:coin_1051,nmo:hasIssuer,ex:issuer_131
ex:coin_1051,nmo:hasIssuer,ex:issuer_154
ex:coin_1051,nmo:hasPortrait,ex:person_40
ex:coin_1054,nmo:hasIssuer,ex:issuer_131
ex:coin_1054,nmo:hasIssuer,ex:issuer_154
ex:coin_1054,nmo:hasPortrait,ex:person_41
ex:coin_1060,nmo:hasIssuer,ex:issuer_131
ex:coin_1060,nmo:hasIssuer,ex:issuer_154
ex:coin_1060,nmo:hasPortrait,ex:person_41
ex:coin_1061,nmo:hasIssuer,ex:issuer_131
ex:coin_1061,nmo:hasIssuer,ex:issuer_154
ex:coin_1061,nmo:hasPortrait,ex:person_40
ex:coin_1077,nmo:hasIssuer,ex:issuer_131
ex:coin_1077,nmo:hasIssuer,ex:issuer_154
ex:coin_1077,nmo:hasPortrait,ex:person_41
ex:coin_1083,nmo:hasIssuer,ex:issuer_131
ex:coin_1083,nmo:hasIssuer,ex:issuer_154
ex:coin_1083,nmo:hasPortrait,ex:person_41
ex:coin_1084,nmo:hasIssuer,ex:issuer_154
ex:coin_1084,nmo:hasIssuer,ex:issuer_131
ex:coin_1084,nmo:hasPortrait,ex:person_41
ex:coin_1090,nmo:hasIssuer,ex:issuer_154
ex:coin_1090,nmo:hasIssuer,ex:issuer_131
ex:coin_1090,nmo:hasPortrait,ex:person_40
ex:coin_1091,nmo:hasIssuer,ex:issuer_131
ex:coin_1091,nmo:hasIssuer,ex:issuer_154
ex:coin_1091,nmo:hasPortrait,ex:person_41
ex:coin_1100,nmo:hasIssuer,ex:issuer_154
ex:coin_1100,nmo:hasIssuer,ex:issuer_131
ex:coin_1100,nmo:hasPortrait,ex:person_40
ex:coin_1107,nmo:hasIssuer,ex:issuer_131
ex:coin_1107,nmo:hasIssuer,ex:issuer_154
ex:coin_1107,nmo:hasPortrait,ex:person_41
ex:coin_1110,nmo:hasIssuer,ex:issuer_131
ex:coin_1110,nmo:hasIssuer,ex:issuer_154
ex:coin_1110,nmo:hasPortrait,ex:person_40
ex:coin_1119,nmo:hasIssuer,ex:issuer_131
ex:coin_1119,nmo:hasIssuer,ex:issuer_154
ex:coin_1119,nmo:hasPortrait,ex:person_40
ex:coin_1137,nmo:hasIssuer,ex:issuer_131
ex:coin_1137,nmo:hasIssuer,ex:issuer_154
ex:coin_1137,nmo:hasPortrait,ex:person_40
ex:coin_1138,nmo:hasIssuer,ex:issuer_154
ex:coin_1138,nmo:hasIssuer,ex:issuer_131
ex:coin_1138,nmo:hasPortrait,ex:person_40
ex:coin_1433,nmo:hasIssuer,ex:issuer_131
ex:coin_1433,nmo:hasIssuer,ex:issuer_154
ex:coin_1433,nmo:hasPortrait,ex:person_40
ex:coin_1672,nmo:hasIssuer,ex:issuer_131
ex:coin_1672,nmo:hasIssuer,ex:issuer_154
ex:coin_1672,nmo:hasPortrait,ex:person_40
ex:coin_1713,nmo:hasIssuer,ex:issuer_154
ex:coin_1713,nmo:hasIssuer,ex:issuer_131
ex:coin_1713,nmo:hasPortrait,ex:person_41
ex:coin_1714,nmo:hasIssuer,ex:issuer_131
ex:coin_1714,nmo:hasIssuer,ex:issuer_154
ex:coin_1714,nmo:hasPortrait,ex:person_41
ex:coin_1843,nmo:hasIssuer,ex:issuer_154
ex:coin_1843,nmo:hasIssuer,ex:issuer_131
ex:coin_1843,nmo:hasPortrait,ex:person_40
ex:coin_2012,nmo:hasIssuer,ex:issuer_131
ex:coin_2012,nmo:hasIssuer,ex:issuer_154
ex:coin_2012,nmo:hasPortrait,ex:person_40
ex:coin_2013,nmo:hasIssuer,ex:issuer_154
ex:coin_2013,nmo:hasIssuer,ex:issuer_131
ex:coin_2013,nmo:hasPortrait,ex:person_40
ex:coin_2020,nmo:hasIssuer,ex:issuer_131
ex:coin_2020,nmo:hasIssuer,ex:issuer_154
ex:coin_2020,nmo:hasPortrait,ex:person_41
ex:coin_2021,nmo:hasIssuer,ex:issuer_154
ex:coin_2021,nmo:hasIssuer,ex:issuer_131
ex:coin_2021,nmo:hasPortrait,ex:person_41
ex:coin_2022,nmo:hasIssuer,ex:issuer_131
ex:coin_2022,nmo:hasIssuer,ex:issuer_154
ex:coin_2022,nmo:hasPortrait,ex:person_41
ex:coin_2023,nmo:hasIssuer,ex:issuer_154
ex:coin_2023,nmo:hasIssuer,ex:issuer_131
ex:coin_2023,nmo:hasPortrait,ex:person_41
ex:coin_2024,nmo:hasIssuer,ex:issuer_131
ex:coin_2024,nmo:hasIssuer,ex:issuer_154
ex:coin_2024,nmo:hasPortrait,ex:person_41
ex:coin_2064,nmo:hasIssuer,ex:issuer_131
ex:coin_2064,nmo:hasIssuer,ex:issuer_154
ex:coin_2064,nmo:hasPortrait,ex:person_41
ex:coin_2074,nmo:hasIssuer,ex:issuer_154
ex:coin_2074,nmo:hasIssuer,ex:issuer_131
ex:coin_2074,nmo:hasPortrait,ex:person_40
ex:coin_2084,nmo:hasIssuer,ex:issuer_131
ex:coin_2084,nmo:hasIssuer,ex:issuer_152
ex:coin_2084,nmo:hasPortrait,ex:person_36
ex:person_36,ex:hasPossibleIssuers,ex:issuer_152
ex:issuer_152,ex:inPossibleIssuersOf,ex:person_36
ex:issuer_152,ex:inPossibleIssuersOf,ex:person_39
ex:issuer_152,ex:inPossibleIssuersOf,ex:person_40
ex:issuer_152,ex:inPossibleIssuersOf,ex:person_41
ex:issuer_152,ex:inPossibleIssuersOf,ex:person_43
ex:person_39,ex:hasPossibleIssuers,ex:issuer_151
ex:person_39,ex:hasPossibleIssuers,ex:issuer_152
ex:person_43,ex:hasPossibleIssuers,ex:issuer_151
ex:person_43,ex:hasPossibleIssuers,ex:issuer_152
ex:coin_5093,nmo:hasIssuer,ex:issuer_131
ex:coin_5093,nmo:hasIssuer,ex:issuer_154
ex:coin_5093,nmo:hasPortrait,ex:person_41
ex:coin_5106,nmo:hasIssuer,ex:issuer_131
ex:coin_5106,nmo:hasIssuer,ex:issuer_154
ex:coin_5106,nmo:hasPortrait,ex:person_40
ex:coin_5306,nmo:hasIssuer,ex:issuer_131
ex:coin_5306,nmo:hasIssuer,ex:issuer_154
ex:coin_5306,nmo:hasPortrait,ex:person_41
ex:coin_5842,nmo:hasIssuer,ex:issuer_131
ex:coin_5842,nmo:hasIssuer,ex:issuer_154
ex:coin_5842,nmo:hasPortrait,ex:person_41
ex:coin_5843,nmo:hasIssuer,ex:issuer_154
ex:coin_5843,nmo:hasIssuer,ex:issuer_131
ex:coin_5843,nmo:hasPortrait,ex:person_41
ex:coin_6626,nmo:hasIssuer,ex:issuer_131
ex:coin_6626,nmo:hasIssuer,ex:issuer_151
ex:coin_6626,nmo:hasPortrait,ex:person_34
ex:person_34,ex:hasPossibleIssuers,ex:issuer_151
ex:person_34,ex:hasPossibleIssuers,ex:issuer_161
ex:issuer_151,ex:inPossibleIssuersOf,ex:person_34
ex:issuer_151,ex:inPossibleIssuersOf,ex:person_39
ex:issuer_151,ex:inPossibleIssuersOf,ex:person_40
ex:issuer_151,ex:inPossibleIssuersOf,ex:person_41
ex:issuer_151,ex:inPossibleIssuersOf,ex:person_43
ex:issuer_151,ex:inPossibleIssuersOf,ex:person_120
ex:person_120,ex:hasPossibleIssuers,ex:issuer_151
ex:coin_6892,nmo:hasIssuer,ex:issuer_131
ex:coin_6892,nmo:hasIssuer,ex:issuer_150
ex:coin_6892,nmo:hasPortrait,ex:person_33
ex:person_33,ex:hasPossibleIssuers,ex:issuer_150
ex:issuer_150,ex:inPossibleIssuersOf,ex:person_33
ex:coin_9142,nmo:hasIssuer,ex:issuer_131
ex:coin_9142,nmo:hasIssuer,ex:issuer_154
ex:coin_9142,nmo:hasPortrait,ex:person_41
ex:coin_9735,nmo:hasIssuer,ex:issuer_131
ex:coin_9735,nmo:hasIssuer,ex:issuer_154
ex:coin_9735,nmo:hasPortrait,ex:person_41
ex:coin_9755,nmo:hasIssuer,ex:issuer_131
ex:coin_9755,nmo:hasIssuer,ex:issuer_154
ex:coin_9755,nmo:hasPortrait,ex:person_40
ex:coin_9794,nmo:hasIssuer,ex:issuer_154
ex:coin_9794,nmo:hasIssuer,ex:issuer_131
ex:coin_9794,nmo:hasPortrait,ex:person_41
ex:coin_10421,nmo:hasIssuer,ex:issuer_131
ex:coin_10421,nmo:hasIssuer,ex:issuer_154
ex:coin_10421,nmo:hasPortrait,ex:person_41
ex:coin_10944,nmo:hasIssuer,ex:issuer_131
ex:coin_10944,nmo:hasIssuer,ex:issuer_154
ex:coin_10944,nmo:hasPortrait,ex:person_40
ex:coin_10947,nmo:hasIssuer,ex:issuer_131
ex:coin_10947,nmo:hasIssuer,ex:issuer_154
ex:coin_10947,nmo:hasPortrait,ex:person_41
ex:coin_10983,nmo:hasIssuer,ex:issuer_154
ex:coin_10983,nmo:hasIssuer,ex:issuer_131
ex:coin_10983,nmo:hasPortrait,ex:person_41
ex:coin_10989,nmo:hasIssuer,ex:issuer_131
ex:coin_10989,nmo:hasIssuer,ex:issuer_154
ex:coin_10989,nmo:hasPortrait,ex:person_40
ex:coin_10990,nmo:hasIssuer,ex:issuer_154
ex:coin_10990,nmo:hasIssuer,ex:issuer_131
ex:coin_10990,nmo:hasPortrait,ex:person_40
ex:coin_10991,nmo:hasIssuer,ex:issuer_131
ex:coin_10991,nmo:hasIssuer,ex:issuer_154
ex:coin_10991,nmo:hasPortrait,ex:person_40
ex:coin_10992,nmo:hasIssuer,ex:issuer_154
ex:coin_10992,nmo:hasIssuer,ex:issuer_131
ex:coin_10992,nmo:hasPortrait,ex:person_40
ex:coin_10993,nmo:hasIssuer,ex:issuer_131
ex:coin_10993,nmo:hasIssuer,ex:issuer_154
ex:coin_10993,nmo:hasPortrait,ex:person_41
ex:coin_11005,nmo:hasIssuer,ex:issuer_131
ex:coin_11005,nmo:hasIssuer,ex:issuer_154
ex:coin_11005,nmo:hasPortrait,ex:person_41
ex:coin_11006,nmo:hasIssuer,ex:issuer_154
ex:coin_11006,nmo:hasIssuer,ex:issuer_131
ex:coin_11006,nmo:hasPortrait,ex:person_41
ex:coin_11007,nmo:hasIssuer,ex:issuer_131
ex:coin_11007,nmo:hasIssuer,ex:issuer_154
ex:coin_11007,nmo:hasPortrait,ex:person_41
ex:coin_11008,nmo:hasIssuer,ex:issuer_154
ex:coin_11008,nmo:hasIssuer,ex:issuer_131
ex:coin_11008,nmo:hasPortrait,ex:person_41
ex:coin_11009,nmo:hasIssuer,ex:issuer_131
ex:coin_11009,nmo:hasIssuer,ex:issuer_154
ex:coin_11009,nmo:hasPortrait,ex:person_41
ex:coin_11010,nmo:hasIssuer,ex:issuer_154
ex:coin_11010,nmo:hasIssuer,ex:issuer_131
ex:coin_11010,nmo:hasPortrait,ex:person_41
ex:coin_11026,nmo:hasIssuer,ex:issuer_131
ex:coin_11026,nmo:hasIssuer,ex:issuer_154
ex:coin_11026,nmo:hasPortrait,ex:person_41
ex:coin_12117,nmo:hasIssuer,ex:issuer_154
ex:coin_12117,nmo:hasIssuer,ex:issuer_131
ex:coin_12117,nmo:hasPortrait,ex:person_41
ex:coin_12132,nmo:hasIssuer,ex:issuer_131
ex:coin_12132,nmo:hasIssuer,ex:issuer_154
ex:coin_12132,nmo:hasPortrait,ex:person_40
ex:coin_12133,nmo:hasIssuer,ex:issuer_154
ex:coin_12133,nmo:hasIssuer,ex:issuer_131
ex:coin_12133,nmo:hasPortrait,ex:person_41
ex:coin_12390,nmo:hasIssuer,ex:issuer_154
ex:coin_12390,nmo:hasIssuer,ex:issuer_131
ex:coin_12390,nmo:hasPortrait,ex:person_40
ex:coin_12391,nmo:hasIssuer,ex:issuer_131
ex:coin_12391,nmo:hasIssuer,ex:issuer_154
ex:coin_12391,nmo:hasPortrait,ex:person_40
ex:coin_12406,nmo:hasIssuer,ex:issuer_154
ex:coin_12406,nmo:hasIssuer,ex:issuer_131
ex:coin_12406,nmo:hasPortrait,ex:person_40
ex:coin_12407,nmo:hasIssuer,ex:issuer_131
ex:coin_12407,nmo:hasIssuer,ex:issuer_154
ex:coin_12407,nmo:hasPortrait,ex:person_40
ex:coin_12408,nmo:hasIssuer,ex:issuer_154
ex:coin_12408,nmo:hasIssuer,ex:issuer_131
ex:coin_12408,nmo:hasPortrait,ex:person_41
ex:coin_12409,nmo:hasIssuer,ex:issuer_131
ex:coin_12409,nmo:hasIssuer,ex:issuer_154
ex:coin_12409,nmo:hasPortrait,ex:person_41
ex:coin_12424,nmo:hasIssuer,ex:issuer_131
ex:coin_12424,nmo:hasIssuer,ex:issuer_154
ex:coin_12424,nmo:hasPortrait,ex:person_40
ex:coin_12475,nmo:hasIssuer,ex:issuer_131
ex:coin_12475,nmo:hasIssuer,ex:issuer_154
ex:coin_12475,nmo:hasPortrait,ex:person_40
ex:coin_12487,nmo:hasIssuer,ex:issuer_131
ex:coin_12487,nmo:hasIssuer,ex:issuer_154
ex:coin_12487,nmo:hasPortrait,ex:person_41
ex:coin_12488,nmo:hasIssuer,ex:issuer_154
ex:coin_12488,nmo:hasIssuer,ex:issuer_131
ex:coin_12488,nmo:hasPortrait,ex:person_40
ex:coin_13475,nmo:hasIssuer,ex:issuer_131
ex:coin_13475,nmo:hasIssuer,ex:issuer_150
ex:coin_13475,nmo:hasPortrait,ex:person_33
ex:coin_13512,nmo:hasIssuer,ex:issuer_131
ex:coin_13512,nmo:hasIssuer,ex:issuer_154
ex:coin_13512,nmo:hasPortrait,ex:person_40
ex:coin_13724,nmo:hasIssuer,ex:issuer_154
ex:coin_13724,nmo:hasIssuer,ex:issuer_131
ex:coin_13724,nmo:hasPortrait,ex:person_41
ex:coin_13725,nmo:hasIssuer,ex:issuer_131
ex:coin_13725,nmo:hasIssuer,ex:issuer_154
ex:coin_13725,nmo:hasPortrait,ex:person_41
ex:coin_13726,nmo:hasIssuer,ex:issuer_154
ex:coin_13726,nmo:hasIssuer,ex:issuer_131
ex:coin_13726,nmo:hasPortrait,ex:person_41
ex:coin_13727,nmo:hasIssuer,ex:issuer_131
ex:coin_13727,nmo:hasIssuer,ex:issuer_154
ex:coin_13727,nmo:hasPortrait,ex:person_40
ex:coin_13901,nmo:hasIssuer,ex:issuer_154
ex:coin_13901,nmo:hasIssuer,ex:issuer_131
ex:coin_13901,nmo:hasPortrait,ex:person_41
ex:coin_13902,nmo:hasIssuer,ex:issuer_131
ex:coin_13902,nmo:hasIssuer,ex:issuer_154
ex:coin_13902,nmo:hasPortrait,ex:person_41
ex:coin_13903,nmo:hasIssuer,ex:issuer_154
ex:coin_13903,nmo:hasIssuer,ex:issuer_131
ex:coin_13903,nmo:hasPortrait,ex:person_41
ex:coin_13924,nmo:hasIssuer,ex:issuer_131
ex:coin_13924,nmo:hasIssuer,ex:issuer_154
ex:coin_13924,nmo:hasPortrait,ex:person_40
ex:coin_13939,nmo:hasIssuer,ex:issuer_131
ex:coin_13939,nmo:hasIssuer,ex:issuer_154
ex:coin_13939,nmo:hasPortrait,ex:person_41
ex:coin_13999,nmo:hasIssuer,ex:issuer_154
ex:coin_13999,nmo:hasIssuer,ex:issuer_131
ex:coin_13999,nmo:hasPortrait,ex:person_40
ex:coin_14000,nmo:hasIssuer,ex:issuer_131
ex:coin_14000,nmo:hasIssuer,ex:issuer_154
ex:coin_14000,nmo:hasPortrait,ex:person_40
ex:coin_14050,nmo:hasIssuer,ex:issuer_131
ex:coin_14050,nmo:hasIssuer,ex:issuer_154
ex:coin_14050,nmo:hasPortrait,ex:person_40
ex:coin_14052,nmo:hasIssuer,ex:issuer_131
ex:coin_14052,nmo:hasIssuer,ex:issuer_154
ex:coin_14052,nmo:hasPortrait,ex:person_41
ex:coin_14130,nmo:hasIssuer,ex:issuer_131
ex:coin_14130,nmo:hasIssuer,ex:issuer_154
ex:coin_14130,nmo:hasPortrait,ex:person_41
ex:coin_14131,nmo:hasIssuer,ex:issuer_154
ex:coin_14131,nmo:hasIssuer,ex:issuer_131
ex:coin_14131,nmo:hasPortrait,ex:person_41
ex:coin_14132,nmo:hasIssuer,ex:issuer_131
ex:coin_14132,nmo:hasIssuer,ex:issuer_154
ex:coin_14132,nmo:hasPortrait,ex:person_41
ex:coin_14137,nmo:hasIssuer,ex:issuer_154
ex:coin_14137,nmo:hasIssuer,ex:issuer_131
ex:coin_14137,nmo:hasPortrait,ex:person_41
ex:coin_14210,nmo:hasIssuer,ex:issuer_154
ex:coin_14210,nmo:hasIssuer,ex:issuer_131
ex:coin_14210,nmo:hasPortrait,ex:person_41
ex:coin_14341,nmo:hasIssuer,ex:issuer_154
ex:coin_14341,nmo:hasIssuer,ex:issuer_131
ex:coin_14341,nmo:hasPortrait,ex:person_41
ex:coin_14346,nmo:hasIssuer,ex:issuer_131
ex:coin_14346,nmo:hasIssuer,ex:issuer_154
ex:coin_14346,nmo:hasPortrait,ex:person_40
ex:coin_14347,nmo:hasIssuer,ex:issuer_154
ex:coin_14347,nmo:hasIssuer,ex:issuer_131
ex:coin_14347,nmo:hasPortrait,ex:person_40
ex:coin_14388,nmo:hasIssuer,ex:issuer_154
ex:coin_14388,nmo:hasIssuer,ex:issuer_131
ex:coin_14388,nmo:hasPortrait,ex:person_41
ex:coin_14392,nmo:hasIssuer,ex:issuer_131
ex:coin_14392,nmo:hasIssuer,ex:issuer_154
ex:coin_14392,nmo:hasPortrait,ex:person_41
ex:coin_14437,nmo:hasIssuer,ex:issuer_131
ex:coin_14437,nmo:hasIssuer,ex:issuer_154
ex:coin_14437,nmo:hasPortrait,ex:person_41
ex:coin_14926,nmo:hasIssuer,ex:issuer_131
ex:coin_14926,nmo:hasIssuer,ex:issuer_154
ex:coin_14926,nmo:hasPortrait,ex:person_40
ex:coin_14930,nmo:hasIssuer,ex:issuer_131
ex:coin_14930,nmo:hasIssuer,ex:issuer_154
ex:coin_14930,nmo:hasPortrait,ex:person_41
ex:coin_14959,nmo:hasIssuer,ex:issuer_131
ex:coin_14959,nmo:hasIssuer,ex:issuer_154
ex:coin_14959,nmo:hasPortrait,ex:person_40
ex:coin_14960,nmo:hasIssuer,ex:issuer_154
ex:coin_14960,nmo:hasIssuer,ex:issuer_131
ex:coin_14960,nmo:hasPortrait,ex:person_40
ex:coin_15161,nmo:hasIssuer,ex:issuer_131
ex:coin_15161,nmo:hasIssuer,ex:issuer_154
ex:coin_15161,nmo:hasPortrait,ex:person_40
ex:coin_15184,nmo:hasIssuer,ex:issuer_131
ex:coin_15184,nmo:hasIssuer,ex:issuer_154
ex:coin_15184,nmo:hasPortrait,ex:person_41
ex:coin_15185,nmo:hasIssuer,ex:issuer_154
ex:coin_15185,nmo:hasIssuer,ex:issuer_131
ex:coin_15185,nmo:hasPortrait,ex:person_40
ex:coin_15187,nmo:hasIssuer,ex:issuer_131
ex:coin_15187,nmo:hasIssuer,ex:issuer_154
ex:coin_15187,nmo:hasPortrait,ex:person_41
ex:coin_15202,nmo:hasIssuer,ex:issuer_131
ex:coin_15202,nmo:hasIssuer,ex:issuer_154
ex:coin_15202,nmo:hasPortrait,ex:person_41
ex:coin_15203,nmo:hasIssuer,ex:issuer_154
ex:coin_15203,nmo:hasIssuer,ex:issuer_131
ex:coin_15203,nmo:hasPortrait,ex:person_41
ex:coin_15205,nmo:hasIssuer,ex:issuer_131
ex:coin_15205,nmo:hasIssuer,ex:issuer_154
ex:coin_15205,nmo:hasPortrait,ex:person_40
ex:coin_15210,nmo:hasIssuer,ex:issuer_154
ex:coin_15210,nmo:hasIssuer,ex:issuer_131
ex:coin_15210,nmo:hasPortrait,ex:person_41
ex:coin_15261,nmo:hasIssuer,ex:issuer_131
ex:coin_15261,nmo:hasIssuer,ex:issuer_154
ex:coin_15261,nmo:hasPortrait,ex:person_41
ex:coin_15420,nmo:hasIssuer,ex:issuer_131
ex:coin_15420,nmo:hasIssuer,ex:issuer_154
ex:coin_15420,nmo:hasPortrait,ex:person_41
ex:coin_15469,nmo:hasIssuer,ex:issuer_154
ex:coin_15469,nmo:hasIssuer,ex:issuer_131
ex:coin_15469,nmo:hasPortrait,ex:person_40
ex:coin_15470,nmo:hasIssuer,ex:issuer_131
ex:coin_15470,nmo:hasIssuer,ex:issuer_154
ex:coin_15470,nmo:hasPortrait,ex:person_40
ex:coin_15471,nmo:hasIssuer,ex:issuer_154
ex:coin_15471,nmo:hasIssuer,ex:issuer_131
ex:coin_15471,nmo:hasPortrait,ex:person_40
ex:coin_15472,nmo:hasIssuer,ex:issuer_131
ex:coin_15472,nmo:hasIssuer,ex:issuer_154
ex:coin_15472,nmo:hasPortrait,ex:person_40
ex:coin_15473,nmo:hasIssuer,ex:issuer_154
ex:coin_15473,nmo:hasIssuer,ex:issuer_131
ex:coin_15473,nmo:hasPortrait,ex:person_40
ex:coin_15474,nmo:hasIssuer,ex:issuer_131
ex:coin_15474,nmo:hasIssuer,ex:issuer_154
ex:coin_15474,nmo:hasPortrait,ex:person_40
ex:coin_15475,nmo:hasIssuer,ex:issuer_154
ex:coin_15475,nmo:hasIssuer,ex:issuer_131
ex:coin_15475,nmo:hasPortrait,ex:person_41
ex:coin_15476,nmo:hasIssuer,ex:issuer_131
ex:coin_15476,nmo:hasIssuer,ex:issuer_154
ex:coin_15476,nmo:hasPortrait,ex:person_41
ex:coin_15477,nmo:hasIssuer,ex:issuer_154
ex:coin_15477,nmo:hasIssuer,ex:issuer_131
ex:coin_15477,nmo:hasPortrait,ex:person_41
ex:coin_15478,nmo:hasIssuer,ex:issuer_131
ex:coin_15478,nmo:hasIssuer,ex:issuer_154
ex:coin_15478,nmo:hasPortrait,ex:person_41
ex:coin_15479,nmo:hasIssuer,ex:issuer_154
ex:coin_15479,nmo:hasIssuer,ex:issuer_131
ex:coin_15479,nmo:hasPortrait,ex:person_41
ex:coin_15480,nmo:hasIssuer,ex:issuer_131
ex:coin_15480,nmo:hasIssuer,ex:issuer_154
ex:coin_15480,nmo:hasPortrait,ex:person_41
ex:coin_15540,nmo:hasIssuer,ex:issuer_131
ex:coin_15540,nmo:hasIssuer,ex:issuer_154
ex:coin_15540,nmo:hasPortrait,ex:person_40
ex:coin_15541,nmo:hasIssuer,ex:issuer_154
ex:coin_15541,nmo:hasIssuer,ex:issuer_131
ex:coin_15541,nmo:hasPortrait,ex:person_40
ex:coin_15542,nmo:hasIssuer,ex:issuer_131
ex:coin_15542,nmo:hasIssuer,ex:issuer_154
ex:coin_15542,nmo:hasPortrait,ex:person_40
ex:coin_15543,nmo:hasIssuer,ex:issuer_154
ex:coin_15543,nmo:hasIssuer,ex:issuer_131
ex:coin_15543,nmo:hasPortrait,ex:person_40
ex:coin_15544,nmo:hasIssuer,ex:issuer_131
ex:coin_15544,nmo:hasIssuer,ex:issuer_154
ex:coin_15544,nmo:hasPortrait,ex:person_41
ex:coin_15603,nmo:hasIssuer,ex:issuer_131
ex:coin_15603,nmo:hasIssuer,ex:issuer_154
ex:coin_15603,nmo:hasPortrait,ex:person_40
ex:coin_15611,nmo:hasIssuer,ex:issuer_131
ex:coin_15611,nmo:hasIssuer,ex:issuer_154
ex:coin_15611,nmo:hasPortrait,ex:person_40
ex:coin_15630,nmo:hasIssuer,ex:issuer_154
ex:coin_15630,nmo:hasIssuer,ex:issuer_131
ex:coin_15630,nmo:hasPortrait,ex:person_41
ex:coin_15633,nmo:hasIssuer,ex:issuer_131
ex:coin_15633,nmo:hasIssuer,ex:issuer_154
ex:coin_15633,nmo:hasPortrait,ex:person_40
ex:coin_15721,nmo:hasIssuer,ex:issuer_154
ex:coin_15721,nmo:hasIssuer,ex:issuer_131
ex:coin_15721,nmo:hasPortrait,ex:person_40
ex:coin_15792,nmo:hasIssuer,ex:issuer_131
ex:coin_15792,nmo:hasIssuer,ex:issuer_154
ex:coin_15792,nmo:hasPortrait,ex:person_41
ex:coin_15817,nmo:hasIssuer,ex:issuer_154
ex:coin_15817,nmo:hasIssuer,ex:issuer_131
ex:coin_15817,nmo:hasPortrait,ex:person_41
ex:coin_16321,nmo:hasIssuer,ex:issuer_131
ex:coin_16321,nmo:hasIssuer,ex:issuer_154
ex:coin_16321,nmo:hasPortrait,ex:person_41
ex:coin_16349,nmo:hasIssuer,ex:issuer_154
ex:coin_16349,nmo:hasIssuer,ex:issuer_131
ex:coin_16349,nmo:hasPortrait,ex:person_41
ex:coin_16378,nmo:hasIssuer,ex:issuer_131
ex:coin_16378,nmo:hasIssuer,ex:issuer_154
ex:coin_16378,nmo:hasPortrait,ex:person_41
ex:coin_16390,nmo:hasIssuer,ex:issuer_131
ex:coin_16390,nmo:hasIssuer,ex:issuer_154
ex:coin_16390,nmo:hasPortrait,ex:person_40
ex:coin_16403,nmo:hasIssuer,ex:issuer_131
ex:coin_16403,nmo:hasIssuer,ex:issuer_154
ex:coin_16403,nmo:hasPortrait,ex:person_40
ex:coin_16407,nmo:hasIssuer,ex:issuer_131
ex:coin_16407,nmo:hasIssuer,ex:issuer_154
ex:coin_16407,nmo:hasPortrait,ex:person_40
ex:coin_16607,nmo:hasIssuer,ex:issuer_154
ex:coin_16607,nmo:hasIssuer,ex:issuer_131
ex:coin_16607,nmo:hasPortrait,ex:person_40
ex:coin_16758,nmo:hasIssuer,ex:issuer_131
ex:coin_16758,nmo:hasIssuer,ex:issuer_154
ex:coin_16758,nmo:hasPortrait,ex:person_41
ex:coin_16781,nmo:hasIssuer,ex:issuer_154
ex:coin_16781,nmo:hasIssuer,ex:issuer_131
ex:coin_16781,nmo:hasPortrait,ex:person_41
ex:coin_16787,nmo:hasIssuer,ex:issuer_131
ex:coin_16787,nmo:hasIssuer,ex:issuer_154
ex:coin_16787,nmo:hasPortrait,ex:person_41
ex:coin_16808,nmo:hasIssuer,ex:issuer_131
ex:coin_16808,nmo:hasIssuer,ex:issuer_154
ex:coin_16808,nmo:hasPortrait,ex:person_40
ex:coin_16809,nmo:hasIssuer,ex:issuer_154
ex:coin_16809,nmo:hasIssuer,ex:issuer_131
ex:coin_16809,nmo:hasPortrait,ex:person_41
ex:coin_16813,nmo:hasIssuer,ex:issuer_131
ex:coin_16813,nmo:hasIssuer,ex:issuer_154
ex:coin_16813,nmo:hasPortrait,ex:person_41
ex:coin_16822,nmo:hasIssuer,ex:issuer_154
ex:coin_16822,nmo:hasIssuer,ex:issuer_131
ex:coin_16822,nmo:hasPortrait,ex:person_40
ex:coin_16824,nmo:hasIssuer,ex:issuer_154
ex:coin_16824,nmo:hasIssuer,ex:issuer_131
ex:coin_16824,nmo:hasPortrait,ex:person_40
ex:coin_16864,nmo:hasIssuer,ex:issuer_154
ex:coin_16864,nmo:hasIssuer,ex:issuer_131
ex:coin_16864,nmo:hasPortrait,ex:person_40
ex:coin_17209,nmo:hasIssuer,ex:issuer_154
ex:coin_17209,nmo:hasIssuer,ex:issuer_131
ex:coin_17209,nmo:hasPortrait,ex:person_41
ex:coin_17210,nmo:hasIssuer,ex:issuer_131
ex:coin_17210,nmo:hasIssuer,ex:issuer_154
ex:coin_17210,nmo:hasPortrait,ex:person_41
ex:coin_17257,nmo:hasIssuer,ex:issuer_131
ex:coin_17257,nmo:hasIssuer,ex:issuer_154
ex:coin_17257,nmo:hasPortrait,ex:person_40
ex:coin_17277,nmo:hasIssuer,ex:issuer_154
ex:coin_17277,nmo:hasIssuer,ex:issuer_131
ex:coin_17277,nmo:hasPortrait,ex:person_41
ex:coin_17289,nmo:hasIssuer,ex:issuer_131
ex:coin_17289,nmo:hasIssuer,ex:issuer_154
ex:coin_17289,nmo:hasPortrait,ex:person_41
ex:coin_17327,nmo:hasIssuer,ex:issuer_131
ex:coin_17327,nmo:hasIssuer,ex:issuer_154
ex:coin_17327,nmo:hasPortrait,ex:person_40
ex:coin_17350,nmo:hasIssuer,ex:issuer_154
ex:coin_17350,nmo:hasIssuer,ex:issuer_131
ex:coin_17350,nmo:hasPortrait,ex:person_40
ex:coin_17365,nmo:hasIssuer,ex:issuer_131
ex:coin_17365,nmo:hasIssuer,ex:issuer_154
ex:coin_17365,nmo:hasPortrait,ex:person_41
ex:coin_17372,nmo:hasIssuer,ex:issuer_154
ex:coin_17372,nmo:hasIssuer,ex:issuer_131
ex:coin_17372,nmo:hasPortrait,ex:person_40
ex:coin_17375,nmo:hasIssuer,ex:issuer_131
ex:coin_17375,nmo:hasIssuer,ex:issuer_154
ex:coin_17375,nmo:hasPortrait,ex:person_40
ex:coin_17389,nmo:hasIssuer,ex:issuer_131
ex:coin_17389,nmo:hasIssuer,ex:issuer_154
ex:coin_17389,nmo:hasPortrait,ex:person_40
ex:coin_17391,nmo:hasIssuer,ex:issuer_154
ex:coin_17391,nmo:hasIssuer,ex:issuer_131
ex:coin_17391,nmo:hasPortrait,ex:person_40
ex:coin_17420,nmo:hasIssuer,ex:issuer_154
ex:coin_17420,nmo:hasIssuer,ex:issuer_131
ex:coin_17420,nmo:hasPortrait,ex:person_41
ex:coin_17425,nmo:hasIssuer,ex:issuer_154
ex:coin_17425,nmo:hasIssuer,ex:issuer_131
ex:coin_17425,nmo:hasPortrait,ex:person_40
ex:coin_17427,nmo:hasIssuer,ex:issuer_154
ex:coin_17427,nmo:hasIssuer,ex:issuer_131
ex:coin_17427,nmo:hasPortrait,ex:person_40
ex:coin_17432,nmo:hasIssuer,ex:issuer_131
ex:coin_17432,nmo:hasIssuer,ex:issuer_154
ex:coin_17432,nmo:hasPortrait,ex:person_41
ex:coin_17453,nmo:hasIssuer,ex:issuer_131
ex:coin_17453,nmo:hasIssuer,ex:issuer_154
ex:coin_17453,nmo:hasPortrait,ex:person_41
ex:coin_17474,nmo:hasIssuer,ex:issuer_154
ex:coin_17474,nmo:hasIssuer,ex:issuer_131
ex:coin_17474,nmo:hasPortrait,ex:person_40
ex:coin_17475,nmo:hasIssuer,ex:issuer_131
ex:coin_17475,nmo:hasIssuer,ex:issuer_154
ex:coin_17475,nmo:hasPortrait,ex:person_40
ex:coin_17482,nmo:hasIssuer,ex:issuer_131
ex:coin_17482,nmo:hasIssuer,ex:issuer_154
ex:coin_17482,nmo:hasPortrait,ex:person_40
ex:coin_17488,nmo:hasIssuer,ex:issuer_154
ex:coin_17488,nmo:hasIssuer,ex:issuer_131
ex:coin_17488,nmo:hasPortrait,ex:person_40
ex:coin_17497,nmo:hasIssuer,ex:issuer_131
ex:coin_17497,nmo:hasIssuer,ex:issuer_154
ex:coin_17497,nmo:hasPortrait,ex:person_41
ex:coin_17498,nmo:hasIssuer,ex:issuer_154
ex:coin_17498,nmo:hasIssuer,ex:issuer_131
ex:coin_17498,nmo:hasPortrait,ex:person_41
ex:coin_17516,nmo:hasIssuer,ex:issuer_131
ex:coin_17516,nmo:hasIssuer,ex:issuer_154
ex:coin_17516,nmo:hasPortrait,ex:person_41
ex:coin_17529,nmo:hasIssuer,ex:issuer_131
ex:coin_17529,nmo:hasIssuer,ex:issuer_154
ex:coin_17529,nmo:hasPortrait,ex:person_40
ex:coin_17530,nmo:hasIssuer,ex:issuer_154
ex:coin_17530,nmo:hasIssuer,ex:issuer_131
ex:coin_17530,nmo:hasPortrait,ex:person_40
ex:coin_17536,nmo:hasIssuer,ex:issuer_154
ex:coin_17536,nmo:hasIssuer,ex:issuer_131
ex:coin_17536,nmo:hasPortrait,ex:person_40
ex:coin_17604,nmo:hasIssuer,ex:issuer_131
ex:coin_17604,nmo:hasIssuer,ex:issuer_154
ex:coin_17604,nmo:hasPortrait,ex:person_41
ex:coin_17635,nmo:hasIssuer,ex:issuer_131
ex:coin_17635,nmo:hasIssuer,ex:issuer_154
ex:coin_17635,nmo:hasPortrait,ex:person_41
ex:coin_17643,nmo:hasIssuer,ex:issuer_154
ex:coin_17643,nmo:hasIssuer,ex:issuer_131
ex:coin_17643,nmo:hasPortrait,ex:person_41
ex:coin_17652,nmo:hasIssuer,ex:issuer_131
ex:coin_17652,nmo:hasIssuer,ex:issuer_154
ex:coin_17652,nmo:hasPortrait,ex:person_41
ex:coin_17671,nmo:hasIssuer,ex:issuer_154
ex:coin_17671,nmo:hasIssuer,ex:issuer_131
ex:coin_17671,nmo:hasPortrait,ex:person_40
ex:coin_17672,nmo:hasIssuer,ex:issuer_131
ex:coin_17672,nmo:hasIssuer,ex:issuer_154
ex:coin_17672,nmo:hasPortrait,ex:person_41
ex:coin_17673,nmo:hasIssuer,ex:issuer_154
ex:coin_17673,nmo:hasIssuer,ex:issuer_131
ex:coin_17673,nmo:hasPortrait,ex:person_41
ex:coin_17674,nmo:hasIssuer,ex:issuer_131
ex:coin_17674,nmo:hasIssuer,ex:issuer_154
ex:coin_17674,nmo:hasPortrait,ex:person_41
ex:coin_17675,nmo:hasIssuer,ex:issuer_154
ex:coin_17675,nmo:hasIssuer,ex:issuer_131
ex:coin_17675,nmo:hasPortrait,ex:person_41
ex:coin_17676,nmo:hasIssuer,ex:issuer_131
ex:coin_17676,nmo:hasIssuer,ex:issuer_154
ex:coin_17676,nmo:hasPortrait,ex:person_41
ex:coin_17677,nmo:hasIssuer,ex:issuer_154
ex:coin_17677,nmo:hasIssuer,ex:issuer_131
ex:coin_17677,nmo:hasPortrait,ex:person_41
ex:coin_17678,nmo:hasIssuer,ex:issuer_131
ex:coin_17678,nmo:hasIssuer,ex:issuer_154
ex:coin_17678,nmo:hasPortrait,ex:person_40
ex:coin_17719,nmo:hasIssuer,ex:issuer_131
ex:coin_17719,nmo:hasIssuer,ex:issuer_154
ex:coin_17719,nmo:hasPortrait,ex:person_40
ex:coin_17720,nmo:hasIssuer,ex:issuer_154
ex:coin_17720,nmo:hasIssuer,ex:issuer_131
ex:coin_17720,nmo:hasPortrait,ex:person_40
ex:coin_17734,nmo:hasIssuer,ex:issuer_154
ex:coin_17734,nmo:hasIssuer,ex:issuer_131
ex:coin_17734,nmo:hasPortrait,ex:person_40
ex:coin_17746,nmo:hasIssuer,ex:issuer_131
ex:coin_17746,nmo:hasIssuer,ex:issuer_154
ex:coin_17746,nmo:hasPortrait,ex:person_41
ex:coin_18001,nmo:hasIssuer,ex:issuer_154
ex:coin_18001,nmo:hasIssuer,ex:issuer_131
ex:coin_18001,nmo:hasPortrait,ex:person_41
ex:coin_28371,nmo:hasIssuer,ex:issuer_131
ex:coin_28371,nmo:hasIssuer,ex:issuer_154
ex:coin_28371,nmo:hasPortrait,ex:person_41
ex:coin_28444,nmo:hasIssuer,ex:issuer_154
ex:coin_28444,nmo:hasIssuer,ex:issuer_131
ex:coin_28444,nmo:hasPortrait,ex:person_40
ex:coin_28485,nmo:hasIssuer,ex:issuer_131
ex:coin_28485,nmo:hasIssuer,ex:issuer_154
ex:coin_28485,nmo:hasPortrait,ex:person_40
ex:coin_28495,nmo:hasIssuer,ex:issuer_131
ex:coin_28495,nmo:hasIssuer,ex:issuer_154
ex:coin_28495,nmo:hasPortrait,ex:person_41
ex:coin_28496,nmo:hasIssuer,ex:issuer_154
ex:coin_28496,nmo:hasIssuer,ex:issuer_131
ex:coin_28496,nmo:hasPortrait,ex:person_41
ex:coin_28859,nmo:hasIssuer,ex:issuer_154
ex:coin_28859,nmo:hasIssuer,ex:issuer_131
ex:coin_28859,nmo:hasPortrait,ex:person_40
ex:coin_28879,nmo:hasIssuer,ex:issuer_131
ex:coin_28879,nmo:hasIssuer,ex:issuer_154
ex:coin_28879,nmo:hasPortrait,ex:person_41
ex:coin_28880,nmo:hasIssuer,ex:issuer_154
ex:coin_28880,nmo:hasIssuer,ex:issuer_131
ex:coin_28880,nmo:hasPortrait,ex:person_41
ex:coin_28898,nmo:hasIssuer,ex:issuer_154
ex:coin_28898,nmo:hasIssuer,ex:issuer_131
ex:coin_28898,nmo:hasPortrait,ex:person_40
ex:coin_28899,nmo:hasIssuer,ex:issuer_131
ex:coin_28899,nmo:hasIssuer,ex:issuer_154
ex:coin_28899,nmo:hasPortrait,ex:person_41
ex:coin_28900,nmo:hasIssuer,ex:issuer_154
ex:coin_28900,nmo:hasIssuer,ex:issuer_131
ex:coin_28900,nmo:hasPortrait,ex:person_41
ex:coin_28901,nmo:hasIssuer,ex:issuer_131
ex:coin_28901,nmo:hasIssuer,ex:issuer_154
ex:coin_28901,nmo:hasPortrait,ex:person_41
ex:coin_28989,nmo:hasIssuer,ex:issuer_131
ex:coin_28989,nmo:hasIssuer,ex:issuer_154
ex:coin_28989,nmo:hasPortrait,ex:person_40
ex:coin_28990,nmo:hasIssuer,ex:issuer_154
ex:coin_28990,nmo:hasIssuer,ex:issuer_131
ex:coin_28990,nmo:hasPortrait,ex:person_40
ex:coin_28991,nmo:hasIssuer,ex:issuer_131
ex:coin_28991,nmo:hasIssuer,ex:issuer_154
ex:coin_28991,nmo:hasPortrait,ex:person_41
ex:coin_29072,nmo:hasIssuer,ex:issuer_154
ex:coin_29072,nmo:hasIssuer,ex:issuer_131
ex:coin_29072,nmo:hasPortrait,ex:person_40
ex:coin_29216,nmo:hasIssuer,ex:issuer_131
ex:coin_29216,nmo:hasIssuer,ex:issuer_154
ex:coin_29216,nmo:hasPortrait,ex:person_40
ex:coin_29264,nmo:hasIssuer,ex:issuer_131
ex:coin_29264,nmo:hasIssuer,ex:issuer_154
ex:coin_29264,nmo:hasPortrait,ex:person_40
ex:coin_29304,nmo:hasIssuer,ex:issuer_131
ex:coin_29304,nmo:hasIssuer,ex:issuer_152
ex:coin_29304,nmo:hasPortrait,ex:person_36
ex:coin_29532,nmo:hasIssuer,ex:issuer_131
ex:coin_29532,nmo:hasIssuer,ex:issuer_154
ex:coin_29532,nmo:hasPortrait,ex:person_41
ex:coin_29624,nmo:hasIssuer,ex:issuer_131
ex:coin_29624,nmo:hasIssuer,ex:issuer_154
ex:coin_29624,nmo:hasPortrait,ex:person_41
ex:coin_29681,nmo:hasIssuer,ex:issuer_154
ex:coin_29681,nmo:hasIssuer,ex:issuer_131
ex:coin_29681,nmo:hasPortrait,ex:person_40
ex:coin_29682,nmo:hasIssuer,ex:issuer_131
ex:coin_29682,nmo:hasIssuer,ex:issuer_154
ex:coin_29682,nmo:hasPortrait,ex:person_41
ex:coin_29831,nmo:hasIssuer,ex:issuer_131
ex:coin_29831,nmo:hasIssuer,ex:issuer_154
ex:coin_29831,nmo:hasPortrait,ex:person_40
ex:coin_29927,nmo:hasIssuer,ex:issuer_131
ex:coin_29927,nmo:hasIssuer,ex:issuer_154
ex:coin_29927,nmo:hasPortrait,ex:person_41
ex:coin_29997,nmo:hasIssuer,ex:issuer_131
ex:coin_29997,nmo:hasIssuer,ex:issuer_154
ex:coin_29997,nmo:hasPortrait,ex:person_41
ex:coin_30007,nmo:hasIssuer,ex:issuer_154
ex:coin_30007,nmo:hasIssuer,ex:issuer_131
ex:coin_30007,nmo:hasPortrait,ex:person_40
ex:coin_30010,nmo:hasIssuer,ex:issuer_131
ex:coin_30010,nmo:hasIssuer,ex:issuer_154
ex:coin_30010,nmo:hasPortrait,ex:person_40
ex:coin_30011,nmo:hasIssuer,ex:issuer_154
ex:coin_30011,nmo:hasIssuer,ex:issuer_131
ex:coin_30011,nmo:hasPortrait,ex:person_40
ex:coin_30014,nmo:hasIssuer,ex:issuer_131
ex:coin_30014,nmo:hasIssuer,ex:issuer_154
ex:coin_30014,nmo:hasPortrait,ex:person_41
ex:coin_30016,nmo:hasIssuer,ex:issuer_154
ex:coin_30016,nmo:hasIssuer,ex:issuer_131
ex:coin_30016,nmo:hasPortrait,ex:person_41
ex:coin_30017,nmo:hasIssuer,ex:issuer_131
ex:coin_30017,nmo:hasIssuer,ex:issuer_154
ex:coin_30017,nmo:hasPortrait,ex:person_41
ex:coin_30033,nmo:hasIssuer,ex:issuer_131
ex:coin_30033,nmo:hasIssuer,ex:issuer_154
ex:coin_30033,nmo:hasPortrait,ex:person_40
ex:coin_30034,nmo:hasIssuer,ex:issuer_154
ex:coin_30034,nmo:hasIssuer,ex:issuer_131
ex:coin_30034,nmo:hasPortrait,ex:person_40
ex:coin_30096,nmo:hasIssuer,ex:issuer_154
ex:coin_30096,nmo:hasIssuer,ex:issuer_131
ex:coin_30096,nmo:hasPortrait,ex:person_40
ex:coin_30107,nmo:hasIssuer,ex:issuer_154
ex:coin_30107,nmo:hasIssuer,ex:issuer_131
ex:coin_30107,nmo:hasPortrait,ex:person_41
ex:coin_30131,nmo:hasIssuer,ex:issuer_131
ex:coin_30131,nmo:hasIssuer,ex:issuer_154
ex:coin_30131,nmo:hasPortrait,ex:person_40
ex:coin_30143,nmo:hasIssuer,ex:issuer_131
ex:coin_30143,nmo:hasIssuer,ex:issuer_154
ex:coin_30143,nmo:hasPortrait,ex:person_41
ex:coin_30209,nmo:hasIssuer,ex:issuer_154
ex:coin_30209,nmo:hasIssuer,ex:issuer_131
ex:coin_30209,nmo:hasPortrait,ex:person_41
ex:coin_30255,nmo:hasIssuer,ex:issuer_131
ex:coin_30255,nmo:hasIssuer,ex:issuer_154
ex:coin_30255,nmo:hasPortrait,ex:person_40
ex:coin_30288,nmo:hasIssuer,ex:issuer_131
ex:coin_30288,nmo:hasIssuer,ex:issuer_154
ex:coin_30288,nmo:hasPortrait,ex:person_41
ex:coin_30294,nmo:hasIssuer,ex:issuer_131
ex:coin_30294,nmo:hasIssuer,ex:issuer_154
ex:coin_30294,nmo:hasPortrait,ex:person_41
ex:coin_30333,nmo:hasIssuer,ex:issuer_131
ex:coin_30333,nmo:hasIssuer,ex:issuer_154
ex:coin_30333,nmo:hasPortrait,ex:person_40
ex:coin_30341,nmo:hasIssuer,ex:issuer_131
ex:coin_30341,nmo:hasIssuer,ex:issuer_154
ex:coin_30341,nmo:hasPortrait,ex:person_41
ex:coin_30401,nmo:hasIssuer,ex:issuer_154
ex:coin_30401,nmo:hasIssuer,ex:issuer_131
ex:coin_30401,nmo:hasPortrait,ex:person_40
ex:coin_30436,nmo:hasIssuer,ex:issuer_131
ex:coin_30436,nmo:hasIssuer,ex:issuer_154
ex:coin_30436,nmo:hasPortrait,ex:person_41
ex:coin_30510,nmo:hasIssuer,ex:issuer_131
ex:coin_30510,nmo:hasIssuer,ex:issuer_154
ex:coin_30510,nmo:hasPortrait,ex:person_41
ex:coin_30567,nmo:hasIssuer,ex:issuer_131
ex:coin_30567,nmo:hasIssuer,ex:issuer_152
ex:coin_30567,nmo:hasPortrait,ex:person_36
ex:coin_30723,nmo:hasIssuer,ex:issuer_131
ex:coin_30723,nmo:hasIssuer,ex:issuer_154
ex:coin_30723,nmo:hasPortrait,ex:person_40
ex:coin_30758,nmo:hasIssuer,ex:issuer_154
ex:coin_30758,nmo:hasIssuer,ex:issuer_131
ex:coin_30758,nmo:hasPortrait,ex:person_40
ex:coin_30866,nmo:hasIssuer,ex:issuer_131
ex:coin_30866,nmo:hasIssuer,ex:issuer_154
ex:coin_30866,nmo:hasPortrait,ex:person_41
ex:coin_30939,nmo:hasIssuer,ex:issuer_154
ex:coin_30939,nmo:hasIssuer,ex:issuer_131
ex:coin_30939,nmo:hasPortrait,ex:person_40
ex:coin_30959,nmo:hasIssuer,ex:issuer_154
ex:coin_30959,nmo:hasIssuer,ex:issuer_131
ex:coin_30959,nmo:hasPortrait,ex:person_41
ex:coin_31177,nmo:hasIssuer,ex:issuer_131
ex:coin_31177,nmo:hasIssuer,ex:issuer_154
ex:coin_31177,nmo:hasPortrait,ex:person_40
ex:coin_31181,nmo:hasIssuer,ex:issuer_131
ex:coin_31181,nmo:hasIssuer,ex:issuer_154
ex:coin_31181,nmo:hasPortrait,ex:person_40
ex:coin_31189,nmo:hasIssuer,ex:issuer_154
ex:coin_31189,nmo:hasIssuer,ex:issuer_131
ex:coin_31189,nmo:hasPortrait,ex:person_40
ex:coin_31190,nmo:hasIssuer,ex:issuer_131
ex:coin_31190,nmo:hasIssuer,ex:issuer_154
ex:coin_31190,nmo:hasPortrait,ex:person_41
ex:coin_31206,nmo:hasIssuer,ex:issuer_154
ex:coin_31206,nmo:hasIssuer,ex:issuer_131
ex:coin_31206,nmo:hasPortrait,ex:person_40
ex:coin_31207,nmo:hasIssuer,ex:issuer_131
ex:coin_31207,nmo:hasIssuer,ex:issuer_154
ex:coin_31207,nmo:hasPortrait,ex:person_40
ex:coin_31208,nmo:hasIssuer,ex:issuer_154
ex:coin_31208,nmo:hasIssuer,ex:issuer_131
ex:coin_31208,nmo:hasPortrait,ex:person_40
ex:coin_31223,nmo:hasIssuer,ex:issuer_131
ex:coin_31223,nmo:hasIssuer,ex:issuer_154
ex:coin_31223,nmo:hasPortrait,ex:person_40
ex:coin_31226,nmo:hasIssuer,ex:issuer_131
ex:coin_31226,nmo:hasIssuer,ex:issuer_154
ex:coin_31226,nmo:hasPortrait,ex:person_41
ex:coin_31227,nmo:hasIssuer,ex:issuer_131
ex:coin_31227,nmo:hasIssuer,ex:issuer_152
ex:coin_31227,nmo:hasPortrait,ex:person_36
ex:coin_31229,nmo:hasIssuer,ex:issuer_154
ex:coin_31229,nmo:hasIssuer,ex:issuer_131
ex:coin_31229,nmo:hasPortrait,ex:person_40
ex:coin_31249,nmo:hasIssuer,ex:issuer_131
ex:coin_31249,nmo:hasIssuer,ex:issuer_154
ex:coin_31249,nmo:hasPortrait,ex:person_41
ex:coin_31269,nmo:hasIssuer,ex:issuer_131
ex:coin_31269,nmo:hasIssuer,ex:issuer_154
ex:coin_31269,nmo:hasPortrait,ex:person_41
ex:coin_31299,nmo:hasIssuer,ex:issuer_131
ex:coin_31299,nmo:hasIssuer,ex:issuer_154
ex:coin_31299,nmo:hasPortrait,ex:person_41
ex:coin_31354,nmo:hasIssuer,ex:issuer_154
ex:coin_31354,nmo:hasIssuer,ex:issuer_131
ex:coin_31354,nmo:hasPortrait,ex:person_41
ex:coin_31372,nmo:hasIssuer,ex:issuer_131
ex:coin_31372,nmo:hasIssuer,ex:issuer_154
ex:coin_31372,nmo:hasPortrait,ex:person_40
ex:coin_31395,nmo:hasIssuer,ex:issuer_131
ex:coin_31395,nmo:hasIssuer,ex:issuer_154
ex:coin_31395,nmo:hasPortrait,ex:person_41
ex:coin_31405,nmo:hasIssuer,ex:issuer_131
ex:coin_31405,nmo:hasIssuer,ex:issuer_154
ex:coin_31405,nmo:hasPortrait,ex:person_40
ex:coin_31427,nmo:hasIssuer,ex:issuer_154
ex:coin_31427,nmo:hasIssuer,ex:issuer_131
ex:coin_31427,nmo:hasPortrait,ex:person_41
ex:coin_31438,nmo:hasIssuer,ex:issuer_154
ex:coin_31438,nmo:hasIssuer,ex:issuer_131
ex:coin_31438,nmo:hasPortrait,ex:person_40
ex:coin_31445,nmo:hasIssuer,ex:issuer_131
ex:coin_31445,nmo:hasIssuer,ex:issuer_154
ex:coin_31445,nmo:hasPortrait,ex:person_41
ex:coin_31449,nmo:hasIssuer,ex:issuer_154
ex:coin_31449,nmo:hasIssuer,ex:issuer_131
ex:coin_31449,nmo:hasPortrait,ex:person_40
ex:coin_31491,nmo:hasIssuer,ex:issuer_131
ex:coin_31491,nmo:hasIssuer,ex:issuer_154
ex:coin_31491,nmo:hasPortrait,ex:person_40
ex:coin_31529,nmo:hasIssuer,ex:issuer_131
ex:coin_31529,nmo:hasIssuer,ex:issuer_154
ex:coin_31529,nmo:hasPortrait,ex:person_41
ex:coin_31534,nmo:hasIssuer,ex:issuer_154
ex:coin_31534,nmo:hasIssuer,ex:issuer_131
ex:coin_31534,nmo:hasPortrait,ex:person_40
ex:coin_31536,nmo:hasIssuer,ex:issuer_131
ex:coin_31536,nmo:hasIssuer,ex:issuer_154
ex:coin_31536,nmo:hasPortrait,ex:person_40
ex:coin_31579,nmo:hasIssuer,ex:issuer_154
ex:coin_31579,nmo:hasIssuer,ex:issuer_131
ex:coin_31579,nmo:hasPortrait,ex:person_40
ex:coin_31596,nmo:hasIssuer,ex:issuer_154
ex:coin_31596,nmo:hasIssuer,ex:issuer_131
ex:coin_31596,nmo:hasPortrait,ex:person_41
ex:coin_31609,nmo:hasIssuer,ex:issuer_131
ex:coin_31609,nmo:hasIssuer,ex:issuer_154
ex:coin_31609,nmo:hasPortrait,ex:person_40
ex:coin_31612,nmo:hasIssuer,ex:issuer_154
ex:coin_31612,nmo:hasIssuer,ex:issuer_131
ex:coin_31612,nmo:hasPortrait,ex:person_40
ex:coin_31655,nmo:hasIssuer,ex:issuer_131
ex:coin_31655,nmo:hasIssuer,ex:issuer_154
ex:coin_31655,nmo:hasPortrait,ex:person_41
ex:coin_31673,nmo:hasIssuer,ex:issuer_154
ex:coin_31673,nmo:hasIssuer,ex:issuer_131
ex:coin_31673,nmo:hasPortrait,ex:person_40
ex:coin_31743,nmo:hasIssuer,ex:issuer_131
ex:coin_31743,nmo:hasIssuer,ex:issuer_152
ex:coin_31743,nmo:hasPortrait,ex:person_36
ex:coin_31815,nmo:hasIssuer,ex:issuer_131
ex:coin_31815,nmo:hasIssuer,ex:issuer_154
ex:coin_31815,nmo:hasPortrait,ex:person_41
ex:coin_31830,nmo:hasIssuer,ex:issuer_131
ex:coin_31830,nmo:hasIssuer,ex:issuer_154
ex:coin_31830,nmo:hasPortrait,ex:person_40
ex:coin_31867,nmo:hasIssuer,ex:issuer_131
ex:coin_31867,nmo:hasIssuer,ex:issuer_154
ex:coin_31867,nmo:hasPortrait,ex:person_41
ex:coin_31872,nmo:hasIssuer,ex:issuer_154
ex:coin_31872,nmo:hasIssuer,ex:issuer_131
ex:coin_31872,nmo:hasPortrait,ex:person_40
ex:coin_31884,nmo:hasIssuer,ex:issuer_131
ex:coin_31884,nmo:hasIssuer,ex:issuer_154
ex:coin_31884,nmo:hasPortrait,ex:person_41
ex:coin_31941,nmo:hasIssuer,ex:issuer_154
ex:coin_31941,nmo:hasIssuer,ex:issuer_131
ex:coin_31941,nmo:hasPortrait,ex:person_40
ex:coin_31979,nmo:hasIssuer,ex:issuer_131
ex:coin_31979,nmo:hasIssuer,ex:issuer_154
ex:coin_31979,nmo:hasPortrait,ex:person_41
ex:coin_31984,nmo:hasIssuer,ex:issuer_131
ex:coin_31984,nmo:hasIssuer,ex:issuer_154
ex:coin_31984,nmo:hasPortrait,ex:person_40
ex:coin_31985,nmo:hasIssuer,ex:issuer_154
ex:coin_31985,nmo:hasIssuer,ex:issuer_131
ex:coin_31985,nmo:hasPortrait,ex:person_41
ex:coin_32014,nmo:hasIssuer,ex:issuer_154
ex:coin_32014,nmo:hasIssuer,ex:issuer_131
ex:coin_32014,nmo:hasPortrait,ex:person_40
ex:coin_32073,nmo:hasIssuer,ex:issuer_131
ex:coin_32073,nmo:hasIssuer,ex:issuer_154
ex:coin_32073,nmo:hasPortrait,ex:person_41
ex:coin_32217,nmo:hasIssuer,ex:issuer_131
ex:coin_32217,nmo:hasIssuer,ex:issuer_154
ex:coin_32217,nmo:hasPortrait,ex:person_40
ex:coin_32344,nmo:hasIssuer,ex:issuer_131
ex:coin_32344,nmo:hasIssuer,ex:issuer_154
ex:coin_32344,nmo:hasPortrait,ex:person_41
ex:coin_32376,nmo:hasIssuer,ex:issuer_131
ex:coin_32376,nmo:hasIssuer,ex:issuer_154
ex:coin_32376,nmo:hasPortrait,ex:person_40
ex:coin_32402,nmo:hasIssuer,ex:issuer_154
ex:coin_32402,nmo:hasIssuer,ex:issuer_131
ex:coin_32402,nmo:hasPortrait,ex:person_41
ex:coin_32410,nmo:hasIssuer,ex:issuer_131
ex:coin_32410,nmo:hasIssuer,ex:issuer_154
ex:coin_32410,nmo:hasPortrait,ex:person_40
ex:coin_32445,nmo:hasIssuer,ex:issuer_131
ex:coin_32445,nmo:hasIssuer,ex:issuer_154
ex:coin_32445,nmo:hasPortrait,ex:person_40
ex:coin_32505,nmo:hasIssuer,ex:issuer_131
ex:coin_32505,nmo:hasIssuer,ex:issuer_154
ex:coin_32505,nmo:hasPortrait,ex:person_41
ex:coin_32553,nmo:hasIssuer,ex:issuer_154
ex:coin_32553,nmo:hasIssuer,ex:issuer_131
ex:coin_32553,nmo:hasPortrait,ex:person_41
ex:coin_32580,nmo:hasIssuer,ex:issuer_154
ex:coin_32580,nmo:hasIssuer,ex:issuer_131
ex:coin_32580,nmo:hasPortrait,ex:person_40
ex:coin_32655,nmo:hasIssuer,ex:issuer_154
ex:coin_32655,nmo:hasIssuer,ex:issuer_131
ex:coin_32655,nmo:hasPortrait,ex:person_40
ex:coin_32688,nmo:hasIssuer,ex:issuer_131
ex:coin_32688,nmo:hasIssuer,ex:issuer_154
ex:coin_32688,nmo:hasPortrait,ex:person_40
ex:coin_32743,nmo:hasIssuer,ex:issuer_154
ex:coin_32743,nmo:hasIssuer,ex:issuer_131
ex:coin_32743,nmo:hasPortrait,ex:person_40
ex:coin_32748,nmo:hasIssuer,ex:issuer_131
ex:coin_32748,nmo:hasIssuer,ex:issuer_154
ex:coin_32748,nmo:hasPortrait,ex:person_41
ex:coin_32753,nmo:hasIssuer,ex:issuer_154
ex:coin_32753,nmo:hasIssuer,ex:issuer_131
ex:coin_32753,nmo:hasPortrait,ex:person_41
ex:coin_32788,nmo:hasIssuer,ex:issuer_131
ex:coin_32788,nmo:hasIssuer,ex:issuer_154
ex:coin_32788,nmo:hasPortrait,ex:person_41
ex:coin_32799,nmo:hasIssuer,ex:issuer_131
ex:coin_32799,nmo:hasIssuer,ex:issuer_154
ex:coin_32799,nmo:hasPortrait,ex:person_41
ex:coin_32875,nmo:hasIssuer,ex:issuer_154
ex:coin_32875,nmo:hasIssuer,ex:issuer_131
ex:coin_32875,nmo:hasPortrait,ex:person_41
ex:coin_32886,nmo:hasIssuer,ex:issuer_131
ex:coin_32886,nmo:hasIssuer,ex:issuer_154
ex:coin_32886,nmo:hasPortrait,ex:person_40
ex:coin_32950,nmo:hasIssuer,ex:issuer_131
ex:coin_32950,nmo:hasIssuer,ex:issuer_154
ex:coin_32950,nmo:hasPortrait,ex:person_41
ex:coin_32951,nmo:hasIssuer,ex:issuer_154
ex:coin_32951,nmo:hasIssuer,ex:issuer_131
ex:coin_32951,nmo:hasPortrait,ex:person_40
ex:coin_33005,nmo:hasIssuer,ex:issuer_131
ex:coin_33005,nmo:hasIssuer,ex:issuer_154
ex:coin_33005,nmo:hasPortrait,ex:person_41
ex:coin_33015,nmo:hasIssuer,ex:issuer_154
ex:coin_33015,nmo:hasIssuer,ex:issuer_131
ex:coin_33015,nmo:hasPortrait,ex:person_40
ex:coin_33042,nmo:hasIssuer,ex:issuer_131
ex:coin_33042,nmo:hasIssuer,ex:issuer_154
ex:coin_33042,nmo:hasPortrait,ex:person_40
ex:coin_33076,nmo:hasIssuer,ex:issuer_154
ex:coin_33076,nmo:hasIssuer,ex:issuer_131
ex:coin_33076,nmo:hasPortrait,ex:person_40
ex:coin_33119,nmo:hasIssuer,ex:issuer_154
ex:coin_33119,nmo:hasIssuer,ex:issuer_131
ex:coin_33119,nmo:hasPortrait,ex:person_40
ex:coin_33157,nmo:hasIssuer,ex:issuer_154
ex:coin_33157,nmo:hasIssuer,ex:issuer_131
ex:coin_33157,nmo:hasPortrait,ex:person_40
ex:coin_33231,nmo:hasIssuer,ex:issuer_131
ex:coin_33231,nmo:hasIssuer,ex:issuer_154
ex:coin_33231,nmo:hasPortrait,ex:person_41
ex:coin_33252,nmo:hasIssuer,ex:issuer_154
ex:coin_33252,nmo:hasIssuer,ex:issuer_131
ex:coin_33252,nmo:hasPortrait,ex:person_41
ex:coin_33259,nmo:hasIssuer,ex:issuer_131
ex:coin_33259,nmo:hasIssuer,ex:issuer_154
ex:coin_33259,nmo:hasPortrait,ex:person_41
ex:coin_33386,nmo:hasIssuer,ex:issuer_131
ex:coin_33386,nmo:hasIssuer,ex:issuer_154
ex:coin_33386,nmo:hasPortrait,ex:person_41
ex:coin_33438,nmo:hasIssuer,ex:issuer_154
ex:coin_33438,nmo:hasIssuer,ex:issuer_131
ex:coin_33438,nmo:hasPortrait,ex:person_40
ex:coin_33456,nmo:hasIssuer,ex:issuer_154
ex:coin_33456,nmo:hasIssuer,ex:issuer_131
ex:coin_33456,nmo:hasPortrait,ex:person_41
ex:coin_33460,nmo:hasIssuer,ex:issuer_131
ex:coin_33460,nmo:hasIssuer,ex:issuer_154
ex:coin_33460,nmo:hasPortrait,ex:person_41
ex:coin_33517,nmo:hasIssuer,ex:issuer_154
ex:coin_33517,nmo:hasIssuer,ex:issuer_131
ex:coin_33517,nmo:hasPortrait,ex:person_40
ex:coin_33875,nmo:hasIssuer,ex:issuer_154
ex:coin_33875,nmo:hasIssuer,ex:issuer_131
ex:coin_33875,nmo:hasPortrait,ex:person_40
ex:coin_34385,nmo:hasIssuer,ex:issuer_154
ex:coin_34385,nmo:hasIssuer,ex:issuer_131
ex:coin_34385,nmo:hasPortrait,ex:person_40
ex:coin_34387,nmo:hasIssuer,ex:issuer_154
ex:coin_34387,nmo:hasIssuer,ex:issuer_131
ex:coin_34387,nmo:hasPortrait,ex:person_40
ex:coin_34388,nmo:hasIssuer,ex:issuer_131
ex:coin_34388,nmo:hasIssuer,ex:issuer_154
ex:coin_34388,nmo:hasPortrait,ex:person_41
ex:coin_34390,nmo:hasIssuer,ex:issuer_154
ex:coin_34390,nmo:hasIssuer,ex:issuer_131
ex:coin_34390,nmo:hasPortrait,ex:person_41
ex:coin_34391,nmo:hasIssuer,ex:issuer_131
ex:coin_34391,nmo:hasIssuer,ex:issuer_154
ex:coin_34391,nmo:hasPortrait,ex:person_41
ex:coin_34392,nmo:hasIssuer,ex:issuer_154
ex:coin_34392,nmo:hasIssuer,ex:issuer_131
ex:coin_34392,nmo:hasPortrait,ex:person_41
ex:coin_34393,nmo:hasIssuer,ex:issuer_131
ex:coin_34393,nmo:hasIssuer,ex:issuer_154
ex:coin_34393,nmo:hasPortrait,ex:person_41
ex:coin_34395,nmo:hasIssuer,ex:issuer_131
ex:coin_34395,nmo:hasIssuer,ex:issuer_154
ex:coin_34395,nmo:hasPortrait,ex:person_41
ex:coin_34412,nmo:hasIssuer,ex:issuer_154
ex:coin_34412,nmo:hasIssuer,ex:issuer_131
ex:coin_34412,nmo:hasPortrait,ex:person_40
ex:coin_34437,nmo:hasIssuer,ex:issuer_131
ex:coin_34437,nmo:hasIssuer,ex:issuer_154
ex:coin_34437,nmo:hasPortrait,ex:person_40
ex:coin_34696,nmo:hasIssuer,ex:issuer_154
ex:coin_34696,nmo:hasIssuer,ex:issuer_131
ex:coin_34696,nmo:hasPortrait,ex:person_41
ex:coin_34732,nmo:hasIssuer,ex:issuer_154
ex:coin_34732,nmo:hasIssuer,ex:issuer_131
ex:coin_34732,nmo:hasPortrait,ex:person_40
ex:coin_34733,nmo:hasIssuer,ex:issuer_131
ex:coin_34733,nmo:hasIssuer,ex:issuer_154
ex:coin_34733,nmo:hasPortrait,ex:person_41
ex:coin_34795,nmo:hasIssuer,ex:issuer_131
ex:coin_34795,nmo:hasIssuer,ex:issuer_154
ex:coin_34795,nmo:hasPortrait,ex:person_40
ex:coin_34850,nmo:hasIssuer,ex:issuer_131
ex:coin_34850,nmo:hasIssuer,ex:issuer_154
ex:coin_34850,nmo:hasPortrait,ex:person_40
ex:coin_34860,nmo:hasIssuer,ex:issuer_154
ex:coin_34860,nmo:hasIssuer,ex:issuer_131
ex:coin_34860,nmo:hasPortrait,ex:person_40
ex:coin_34862,nmo:hasIssuer,ex:issuer_154
ex:coin_34862,nmo:hasIssuer,ex:issuer_131
ex:coin_34862,nmo:hasPortrait,ex:person_41
ex:coin_34889,nmo:hasIssuer,ex:issuer_131
ex:coin_34889,nmo:hasIssuer,ex:issuer_154
ex:coin_34889,nmo:hasPortrait,ex:person_41
ex:coin_34907,nmo:hasIssuer,ex:issuer_154
ex:coin_34907,nmo:hasIssuer,ex:issuer_131
ex:coin_34907,nmo:hasPortrait,ex:person_41
ex:coin_34914,nmo:hasIssuer,ex:issuer_131
ex:coin_34914,nmo:hasIssuer,ex:issuer_154
ex:coin_34914,nmo:hasPortrait,ex:person_41
ex:coin_34920,nmo:hasIssuer,ex:issuer_131
ex:coin_34920,nmo:hasIssuer,ex:issuer_154
ex:coin_34920,nmo:hasPortrait,ex:person_41
ex:coin_34922,nmo:hasIssuer,ex:issuer_154
ex:coin_34922,nmo:hasIssuer,ex:issuer_131
ex:coin_34922,nmo:hasPortrait,ex:person_40
ex:coin_34939,nmo:hasIssuer,ex:issuer_131
ex:coin_34939,nmo:hasIssuer,ex:issuer_154
ex:coin_34939,nmo:hasPortrait,ex:person_40
ex:coin_34942,nmo:hasIssuer,ex:issuer_154
ex:coin_34942,nmo:hasIssuer,ex:issuer_131
ex:coin_34942,nmo:hasPortrait,ex:person_41
ex:coin_34955,nmo:hasIssuer,ex:issuer_131
ex:coin_34955,nmo:hasIssuer,ex:issuer_154
ex:coin_34955,nmo:hasPortrait,ex:person_40
ex:coin_34964,nmo:hasIssuer,ex:issuer_131
ex:coin_34964,nmo:hasIssuer,ex:issuer_154
ex:coin_34964,nmo:hasPortrait,ex:person_41
ex:coin_34965,nmo:hasIssuer,ex:issuer_154
ex:coin_34965,nmo:hasIssuer,ex:issuer_131
ex:coin_34965,nmo:hasPortrait,ex:person_40
ex:coin_34967,nmo:hasIssuer,ex:issuer_131
ex:coin_34967,nmo:hasIssuer,ex:issuer_154
ex:coin_34967,nmo:hasPortrait,ex:person_41
ex:coin_34971,nmo:hasIssuer,ex:issuer_131
ex:coin_34971,nmo:hasIssuer,ex:issuer_154
ex:coin_34971,nmo:hasPortrait,ex:person_40
ex:coin_34973,nmo:hasIssuer,ex:issuer_154
ex:coin_34973,nmo:hasIssuer,ex:issuer_131
ex:coin_34973,nmo:hasPortrait,ex:person_40
ex:coin_35047,nmo:hasIssuer,ex:issuer_131
ex:coin_35047,nmo:hasIssuer,ex:issuer_154
ex:coin_35047,nmo:hasPortrait,ex:person_40
ex:coin_35075,nmo:hasIssuer,ex:issuer_131
ex:coin_35075,nmo:hasIssuer,ex:issuer_154
ex:coin_35075,nmo:hasPortrait,ex:person_41
ex:coin_35163,nmo:hasIssuer,ex:issuer_131
ex:coin_35163,nmo:hasIssuer,ex:issuer_154
ex:coin_35163,nmo:hasPortrait,ex:person_41
ex:coin_35170,nmo:hasIssuer,ex:issuer_154
ex:coin_35170,nmo:hasIssuer,ex:issuer_131
ex:coin_35170,nmo:hasPortrait,ex:person_41
ex:coin_35180,nmo:hasIssuer,ex:issuer_131
ex:coin_35180,nmo:hasIssuer,ex:issuer_154
ex:coin_35180,nmo:hasPortrait,ex:person_41
ex:coin_36353,nmo:hasIssuer,ex:issuer_154
ex:coin_36353,nmo:hasIssuer,ex:issuer_131
ex:coin_36353,nmo:hasPortrait,ex:person_40
ex:coin_36354,nmo:hasIssuer,ex:issuer_131
ex:coin_36354,nmo:hasIssuer,ex:issuer_154
ex:coin_36354,nmo:hasPortrait,ex:person_40
ex:coin_36359,nmo:hasIssuer,ex:issuer_154
ex:coin_36359,nmo:hasIssuer,ex:issuer_131
ex:coin_36359,nmo:hasPortrait,ex:person_41
ex:coin_36360,nmo:hasIssuer,ex:issuer_131
ex:coin_36360,nmo:hasIssuer,ex:issuer_154
ex:coin_36360,nmo:hasPortrait,ex:person_40
ex:coin_36377,nmo:hasIssuer,ex:issuer_131
ex:coin_36377,nmo:hasIssuer,ex:issuer_154
ex:coin_36377,nmo:hasPortrait,ex:person_41
ex:coin_36385,nmo:hasIssuer,ex:issuer_154
ex:coin_36385,nmo:hasIssuer,ex:issuer_131
ex:coin_36385,nmo:hasPortrait,ex:person_40
ex:coin_36816,nmo:hasIssuer,ex:issuer_131
ex:coin_36816,nmo:hasIssuer,ex:issuer_154
ex:coin_36816,nmo:hasPortrait,ex:person_41
ex:coin_36841,nmo:hasIssuer,ex:issuer_154
ex:coin_36841,nmo:hasIssuer,ex:issuer_131
ex:coin_36841,nmo:hasPortrait,ex:person_41
ex:coin_36844,nmo:hasIssuer,ex:issuer_131
ex:coin_36844,nmo:hasIssuer,ex:issuer_154
ex:coin_36844,nmo:hasPortrait,ex:person_41
ex:coin_36850,nmo:hasIssuer,ex:issuer_154
ex:coin_36850,nmo:hasIssuer,ex:issuer_131
ex:coin_36850,nmo:hasPortrait,ex:person_41
ex:coin_36853,nmo:hasIssuer,ex:issuer_131
ex:coin_36853,nmo:hasIssuer,ex:issuer_154
ex:coin_36853,nmo:hasPortrait,ex:person_41
ex:coin_36867,nmo:hasIssuer,ex:issuer_131
ex:coin_36867,nmo:hasIssuer,ex:issuer_154
ex:coin_36867,nmo:hasPortrait,ex:person_41
ex:coin_36876,nmo:hasIssuer,ex:issuer_131
ex:coin_36876,nmo:hasIssuer,ex:issuer_154
ex:coin_36876,nmo:hasPortrait,ex:person_41
ex:coin_36883,nmo:hasIssuer,ex:issuer_154
ex:coin_36883,nmo:hasIssuer,ex:issuer_131
ex:coin_36883,nmo:hasPortrait,ex:person_41
ex:coin_36915,nmo:hasIssuer,ex:issuer_131
ex:coin_36915,nmo:hasIssuer,ex:issuer_154
ex:coin_36915,nmo:hasPortrait,ex:person_41
ex:coin_36916,nmo:hasIssuer,ex:issuer_154
ex:coin_36916,nmo:hasIssuer,ex:issuer_131
ex:coin_36916,nmo:hasPortrait,ex:person_40
ex:coin_36919,nmo:hasIssuer,ex:issuer_154
ex:coin_36919,nmo:hasIssuer,ex:issuer_131
ex:coin_36919,nmo:hasPortrait,ex:person_41
ex:coin_36920,nmo:hasIssuer,ex:issuer_131
ex:coin_36920,nmo:hasIssuer,ex:issuer_154
ex:coin_36920,nmo:hasPortrait,ex:person_41
ex:coin_36927,nmo:hasIssuer,ex:issuer_131
ex:coin_36927,nmo:hasIssuer,ex:issuer_154
ex:coin_36927,nmo:hasPortrait,ex:person_40
ex:coin_36934,nmo:hasIssuer,ex:issuer_131
ex:coin_36934,nmo:hasIssuer,ex:issuer_154
ex:coin_36934,nmo:hasPortrait,ex:person_40
ex:coin_36962,nmo:hasIssuer,ex:issuer_131
ex:coin_36962,nmo:hasIssuer,ex:issuer_154
ex:coin_36962,nmo:hasPortrait,ex:person_41
ex:coin_36965,nmo:hasIssuer,ex:issuer_154
ex:coin_36965,nmo:hasIssuer,ex:issuer_131
ex:coin_36965,nmo:hasPortrait,ex:person_41
ex:coin_37356,nmo:hasIssuer,ex:issuer_131
ex:coin_37356,nmo:hasIssuer,ex:issuer_154
ex:coin_37356,nmo:hasPortrait,ex:person_40
ex:coin_37365,nmo:hasIssuer,ex:issuer_131
ex:coin_37365,nmo:hasIssuer,ex:issuer_154
ex:coin_37365,nmo:hasPortrait,ex:person_40
ex:coin_37385,nmo:hasIssuer,ex:issuer_131
ex:coin_37385,nmo:hasIssuer,ex:issuer_154
ex:coin_37385,nmo:hasPortrait,ex:person_40
ex:coin_39169,nmo:hasIssuer,ex:issuer_154
ex:coin_39169,nmo:hasIssuer,ex:issuer_131
ex:coin_39169,nmo:hasPortrait,ex:person_41
ex:coin_40083,nmo:hasIssuer,ex:issuer_154
ex:coin_40083,nmo:hasIssuer,ex:issuer_131
ex:coin_40083,nmo:hasPortrait,ex:person_41
ex:coin_40112,nmo:hasIssuer,ex:issuer_131
ex:coin_40112,nmo:hasIssuer,ex:issuer_154
ex:coin_40112,nmo:hasPortrait,ex:person_41
ex:coin_40122,nmo:hasIssuer,ex:issuer_154
ex:coin_40122,nmo:hasIssuer,ex:issuer_131
ex:coin_40122,nmo:hasPortrait,ex:person_41
ex:coin_40128,nmo:hasIssuer,ex:issuer_131
ex:coin_40128,nmo:hasIssuer,ex:issuer_154
ex:coin_40128,nmo:hasPortrait,ex:person_40
ex:coin_41430,nmo:hasIssuer,ex:issuer_154
ex:coin_41430,nmo:hasIssuer,ex:issuer_131
ex:coin_41430,nmo:hasPortrait,ex:person_40
ex:coin_41916,nmo:hasIssuer,ex:issuer_154
ex:coin_41916,nmo:hasIssuer,ex:issuer_131
ex:coin_41916,nmo:hasPortrait,ex:person_40
ex:coin_1056,nmo:hasIssuer,ex:issuer_161
ex:coin_1056,nmo:hasIssuer,ex:issuer_151
ex:coin_1056,nmo:hasPortrait,ex:person_70
ex:person_70,ex:hasPossibleIssuers,ex:issuer_59
ex:issuer_161,ex:inPossibleIssuersOf,ex:person_34
ex:coin_14572,nmo:hasIssuer,ex:issuer_151
ex:coin_14572,nmo:hasIssuer,ex:issuer_152
ex:coin_14572,nmo:hasPortrait,ex:person_34
ex:coin_10055,nmo:hasIssuer,ex:issuer_288
ex:coin_10055,nmo:hasIssuer,ex:issuer_289
ex:coin_10055,nmo:hasPortrait,ex:person_143
ex:person_143,ex:hasPossibleIssuers,ex:issuer_74
ex:person_143,ex:hasPossibleIssuers,ex:issuer_288
ex:issuer_288,ex:inPossibleIssuersOf,ex:person_4
ex:issuer_288,ex:inPossibleIssuersOf,ex:person_9
ex:issuer_288,ex:inPossibleIssuersOf,ex:person_26
ex:issuer_288,ex:inPossibleIssuersOf,ex:person_135
ex:issuer_288,ex:inPossibleIssuersOf,ex:person_138
ex:issuer_288,ex:inPossibleIssuersOf,ex:person_139
ex:issuer_288,ex:inPossibleIssuersOf,ex:person_141
ex:issuer_288,ex:inPossibleIssuersOf,ex:person_143
ex:issuer_288,ex:inPossibleIssuersOf,ex:person_148
ex:issuer_288,ex:inPossibleIssuersOf,ex:person_149
ex:issuer_288,ex:inPossibleIssuersOf,ex:person_150
ex:issuer_288,ex:inPossibleIssuersOf,ex:person_166
ex:issuer_288,ex:inPossibleIssuersOf,ex:person_167
ex:issuer_288,ex:inPossibleIssuersOf,ex:person_168
ex:issuer_288,ex:inPossibleIssuersOf,ex:person_187
ex:issuer_289,ex:inPossibleIssuersOf,ex:person_163
ex:issuer_289,ex:inPossibleIssuersOf,ex:person_198
ex:person_26,ex:hasPossibleIssuers,ex:issuer_106
ex:person_26,ex:hasPossibleIssuers,ex:issuer_107
ex:person_26,ex:hasPossibleIssuers,ex:issuer_269
ex:person_26,ex:hasPossibleIssuers,ex:issuer_288
ex:person_139,ex:hasPossibleIssuers,ex:issuer_77
ex:person_139,ex:hasPossibleIssuers,ex:issuer_288
ex:person_166,ex:hasPossibleIssuers,ex:issuer_288
ex:person_167,ex:hasPossibleIssuers,ex:issuer_109
ex:person_167,ex:hasPossibleIssuers,ex:issuer_288
ex:person_167,ex:hasPossibleIssuers,ex:issuer_296
ex:person_168,ex:hasPossibleIssuers,ex:issuer_235
ex:person_168,ex:hasPossibleIssuers,ex:issuer_288
ex:person_187,ex:hasPossibleIssuers,ex:issuer_106
ex:person_187,ex:hasPossibleIssuers,ex:issuer_107
ex:person_187,ex:hasPossibleIssuers,ex:issuer_109
ex:person_187,ex:hasPossibleIssuers,ex:issuer_288
ex:person_187,ex:hasPossibleIssuers,ex:issuer_296
ex:person_163,ex:hasPossibleIssuers,ex:issuer_106
ex:person_163,ex:hasPossibleIssuers,ex:issuer_107
ex:person_163,ex:hasPossibleIssuers,ex:issuer_289
ex:person_163,ex:hasPossibleIssuers,ex:issuer_296
ex:person_198,ex:hasPossibleIssuers,ex:issuer_106
ex:person_198,ex:hasPossibleIssuers,ex:issuer_289
ex:person_198,ex:hasPossibleIssuers,ex:issuer_296
