s,p,o,weight,model,
ex:coin_35357,nmo:hasIssuer,ex:issuer_73,1.0,
ex:coin_35357,nmo:hasPortrait,ex:person_4,1.0,
ex:person_4,ex:hasPossibleIssuers,ex:issuer_48,1.0,
ex:person_4,ex:hasPossibleIssuers,ex:issuer_52,1.0,
ex:person_4,ex:hasPossibleIssuers,ex:issuer_53,1.0,
ex:person_4,ex:hasPossibleIssuers,ex:issuer_288,1.0,
ex:coin_35414,nmo:hasIssuer,ex:issuer_73,1.0,
ex:coin_35414,nmo:hasPortrait,ex:person_4,1.0,
ex:coin_1136,nmo:hasIssuer,ex:issuer_114,1.0,
ex:coin_1136,nmo:hasPortrait,ex:person_57,1.0,
ex:person_57,ex:hasPossibleIssuers,ex:issuer_113,1.0,
ex:coin_1744,nmo:hasIssuer,ex:issuer_114,1.0,
ex:coin_1744,nmo:hasPortrait,ex:person_57,1.0,
ex:coin_14055,nmo:hasIssuer,ex:issuer_114,1.0,
ex:coin_14055,nmo:hasPortrait,ex:person_57,1.0,
ex:coin_14056,nmo:hasIssuer,ex:issuer_114,1.0,
ex:coin_14056,nmo:hasPortrait,ex:person_57,1.0,
ex:coin_14819,nmo:hasIssuer,ex:issuer_114,1.0,
ex:coin_14819,nmo:hasPortrait,ex:person_57,1.0,
ex:coin_15262,nmo:hasIssuer,ex:issuer_114,1.0,
ex:coin_15262,nmo:hasPortrait,ex:person_57,1.0,
ex:coin_15793,nmo:hasIssuer,ex:issuer_114,1.0,
ex:coin_15793,nmo:hasPortrait,ex:person_57,1.0,
ex:coin_15833,nmo:hasIssuer,ex:issuer_114,1.0,
ex:coin_15833,nmo:hasPortrait,ex:person_57,1.0,
ex:coin_16441,nmo:hasIssuer,ex:issuer_114,1.0,
ex:coin_16441,nmo:hasPortrait,ex:person_57,1.0,
ex:coin_18033,nmo:hasIssuer,ex:issuer_114,1.0,
ex:coin_18033,nmo:hasPortrait,ex:person_57,1.0,
ex:coin_31074,nmo:hasIssuer,ex:issuer_114,1.0,
ex:coin_31074,nmo:hasPortrait,ex:person_57,1.0,
ex:coin_32275,nmo:hasIssuer,ex:issuer_114,1.0,
ex:coin_32275,nmo:hasPortrait,ex:person_57,1.0,
ex:coin_33946,nmo:hasIssuer,ex:issuer_114,1.0,
ex:coin_33946,nmo:hasPortrait,ex:person_57,1.0,
ex:coin_33947,nmo:hasIssuer,ex:issuer_114,1.0,
ex:coin_33947,nmo:hasPortrait,ex:person_57,1.0,
ex:coin_33948,nmo:hasIssuer,ex:issuer_114,1.0,
ex:coin_33948,nmo:hasPortrait,ex:person_57,1.0,
ex:coin_33951,nmo:hasIssuer,ex:issuer_114,1.0,
ex:coin_33951,nmo:hasPortrait,ex:person_57,1.0,
ex:coin_33952,nmo:hasIssuer,ex:issuer_114,1.0,
ex:coin_33952,nmo:hasPortrait,ex:person_57,1.0,
ex:coin_33953,nmo:hasIssuer,ex:issuer_114,1.0,
ex:coin_33953,nmo:hasPortrait,ex:person_57,1.0,
ex:coin_33954,nmo:hasIssuer,ex:issuer_114,1.0,
ex:coin_33954,nmo:hasPortrait,ex:person_57,1.0,
ex:coin_33955,nmo:hasIssuer,ex:issuer_114,1.0,
ex:coin_33955,nmo:hasPortrait,ex:person_57,1.0,
ex:coin_33956,nmo:hasIssuer,ex:issuer_114,1.0,
ex:coin_33956,nmo:hasPortrait,ex:person_57,1.0,
ex:coin_33957,nmo:hasIssuer,ex:issuer_114,1.0,
ex:coin_33957,nmo:hasPortrait,ex:person_57,1.0,
ex:coin_33958,nmo:hasIssuer,ex:issuer_114,1.0,
ex:coin_33958,nmo:hasPortrait,ex:person_57,1.0,
ex:coin_33959,nmo:hasIssuer,ex:issuer_114,1.0,
ex:coin_33959,nmo:hasPortrait,ex:person_57,1.0,
ex:coin_33961,nmo:hasIssuer,ex:issuer_114,1.0,
ex:coin_33961,nmo:hasPortrait,ex:person_57,1.0,
ex:coin_33962,nmo:hasIssuer,ex:issuer_114,1.0,
ex:coin_33962,nmo:hasPortrait,ex:person_57,1.0,
ex:coin_33963,nmo:hasIssuer,ex:issuer_114,1.0,
ex:coin_33963,nmo:hasPortrait,ex:person_57,1.0,
ex:coin_33964,nmo:hasIssuer,ex:issuer_114,1.0,
ex:coin_33964,nmo:hasPortrait,ex:person_57,1.0,
ex:coin_33965,nmo:hasIssuer,ex:issuer_114,1.0,
ex:coin_33965,nmo:hasPortrait,ex:person_57,1.0,
ex:coin_33967,nmo:hasIssuer,ex:issuer_114,1.0,
ex:coin_33967,nmo:hasPortrait,ex:person_57,1.0,
ex:coin_33968,nmo:hasIssuer,ex:issuer_114,1.0,
ex:coin_33968,nmo:hasPortrait,ex:person_57,1.0,
ex:coin_33969,nmo:hasIssuer,ex:issuer_114,1.0,
ex:coin_33969,nmo:hasPortrait,ex:person_57,1.0,
ex:coin_33970,nmo:hasIssuer,ex:issuer_114,1.0,
ex:coin_33970,nmo:hasPortrait,ex:person_57,1.0,
ex:coin_33972,nmo:hasIssuer,ex:issuer_114,1.0,
ex:coin_33972,nmo:hasPortrait,ex:person_57,1.0,
ex:coin_33974,nmo:hasIssuer,ex:issuer_114,1.0,
ex:coin_33974,nmo:hasPortrait,ex:person_57,1.0,
ex:coin_33975,nmo:hasIssuer,ex:issuer_114,1.0,
ex:coin_33975,nmo:hasPortrait,ex:person_57,1.0,
ex:coin_33976,nmo:hasIssuer,ex:issuer_114,1.0,
ex:coin_33976,nmo:hasPortrait,ex:person_57,1.0,
ex:coin_33977,nmo:hasIssuer,ex:issuer_114,1.0,
ex:coin_33977,nmo:hasPortrait,ex:person_57,1.0,
ex:coin_33978,nmo:hasIssuer,ex:issuer_114,1.0,
ex:coin_33978,nmo:hasPortrait,ex:person_57,1.0,
ex:coin_33979,nmo:hasIssuer,ex:issuer_114,1.0,
ex:coin_33979,nmo:hasPortrait,ex:person_57,1.0,
ex:coin_33981,nmo:hasIssuer,ex:issuer_114,1.0,
ex:coin_33981,nmo:hasPortrait,ex:person_57,1.0,
ex:coin_33982,nmo:hasIssuer,ex:issuer_114,1.0,
ex:coin_33982,nmo:hasPortrait,ex:person_57,1.0,
ex:coin_33984,nmo:hasIssuer,ex:issuer_114,1.0,
ex:coin_33984,nmo:hasPortrait,ex:person_57,1.0,
ex:coin_33986,nmo:hasIssuer,ex:issuer_114,1.0,
ex:coin_33986,nmo:hasPortrait,ex:person_57,1.0,
ex:coin_33987,nmo:hasIssuer,ex:issuer_114,1.0,
ex:coin_33987,nmo:hasPortrait,ex:person_57,1.0,
ex:coin_33988,nmo:hasIssuer,ex:issuer_114,1.0,
ex:coin_33988,nmo:hasPortrait,ex:person_57,1.0,
ex:coin_33989,nmo:hasIssuer,ex:issuer_114,1.0,
ex:coin_33989,nmo:hasPortrait,ex:person_57,1.0,
ex:coin_33990,nmo:hasIssuer,ex:issuer_114,1.0,
ex:coin_33990,nmo:hasPortrait,ex:person_57,1.0,
ex:coin_33993,nmo:hasIssuer,ex:issuer_114,1.0,
ex:coin_33993,nmo:hasPortrait,ex:person_57,1.0,
ex:coin_33996,nmo:hasIssuer,ex:issuer_114,1.0,
ex:coin_33996,nmo:hasPortrait,ex:person_57,1.0,
ex:coin_33997,nmo:hasIssuer,ex:issuer_114,1.0,
ex:coin_33997,nmo:hasPortrait,ex:person_57,1.0,
ex:coin_33998,nmo:hasIssuer,ex:issuer_114,1.0,
ex:coin_33998,nmo:hasPortrait,ex:person_57,1.0,
ex:coin_33999,nmo:hasIssuer,ex:issuer_114,1.0,
ex:coin_33999,nmo:hasPortrait,ex:person_57,1.0,
ex:coin_34000,nmo:hasIssuer,ex:issuer_114,1.0,
ex:coin_34000,nmo:hasPortrait,ex:person_57,1.0,
ex:coin_34420,nmo:hasIssuer,ex:issuer_114,1.0,
ex:coin_34420,nmo:hasPortrait,ex:person_57,1.0,
ex:coin_34748,nmo:hasIssuer,ex:issuer_114,1.0,
ex:coin_34748,nmo:hasPortrait,ex:person_57,1.0,
ex:coin_34770,nmo:hasIssuer,ex:issuer_114,1.0,
ex:coin_34770,nmo:hasPortrait,ex:person_57,1.0,
ex:coin_34771,nmo:hasIssuer,ex:issuer_114,1.0,
ex:coin_34771,nmo:hasPortrait,ex:person_57,1.0,
ex:coin_34807,nmo:hasIssuer,ex:issuer_114,1.0,
ex:coin_34807,nmo:hasPortrait,ex:person_57,1.0,
ex:coin_34876,nmo:hasIssuer,ex:issuer_114,1.0,
ex:coin_34876,nmo:hasPortrait,ex:person_57,1.0,
ex:coin_34887,nmo:hasIssuer,ex:issuer_114,1.0,
ex:coin_34887,nmo:hasPortrait,ex:person_57,1.0,
ex:coin_34916,nmo:hasIssuer,ex:issuer_114,1.0,
ex:coin_34916,nmo:hasPortrait,ex:person_57,1.0,
ex:coin_34933,nmo:hasIssuer,ex:issuer_114,1.0,
ex:coin_34933,nmo:hasPortrait,ex:person_57,1.0,
ex:coin_34945,nmo:hasIssuer,ex:issuer_114,1.0,
ex:coin_34945,nmo:hasPortrait,ex:person_57,1.0,
ex:coin_34952,nmo:hasIssuer,ex:issuer_114,1.0,
ex:coin_34952,nmo:hasPortrait,ex:person_57,1.0,
ex:coin_34954,nmo:hasIssuer,ex:issuer_114,1.0,
ex:coin_34954,nmo:hasPortrait,ex:person_57,1.0,
ex:coin_35165,nmo:hasIssuer,ex:issuer_114,1.0,
ex:coin_35165,nmo:hasPortrait,ex:person_57,1.0,
ex:coin_36596,nmo:hasIssuer,ex:issuer_114,1.0,
ex:coin_36596,nmo:hasPortrait,ex:person_57,1.0,
ex:coin_36597,nmo:hasIssuer,ex:issuer_114,1.0,
ex:coin_36597,nmo:hasPortrait,ex:person_57,1.0,
ex:coin_36598,nmo:hasIssuer,ex:issuer_114,1.0,
ex:coin_36598,nmo:hasPortrait,ex:person_57,1.0,
ex:coin_36599,nmo:hasIssuer,ex:issuer_114,1.0,
ex:coin_36599,nmo:hasPortrait,ex:person_57,1.0,
ex:coin_36600,nmo:hasIssuer,ex:issuer_114,1.0,
ex:coin_36600,nmo:hasPortrait,ex:person_57,1.0,
ex:coin_36619,nmo:hasIssuer,ex:issuer_114,1.0,
ex:coin_36619,nmo:hasPortrait,ex:person_57,1.0,
ex:coin_36620,nmo:hasIssuer,ex:issuer_114,1.0,
ex:coin_36620,nmo:hasPortrait,ex:person_57,1.0,
ex:coin_36621,nmo:hasIssuer,ex:issuer_114,1.0,
ex:coin_36621,nmo:hasPortrait,ex:person_57,1.0,
ex:coin_36622,nmo:hasIssuer,ex:issuer_114,1.0,
ex:coin_36622,nmo:hasPortrait,ex:person_57,1.0,
ex:coin_36628,nmo:hasIssuer,ex:issuer_114,1.0,
ex:coin_36628,nmo:hasPortrait,ex:person_57,1.0,
ex:coin_36629,nmo:hasIssuer,ex:issuer_114,1.0,
ex:coin_36629,nmo:hasPortrait,ex:person_57,1.0,
ex:coin_36630,nmo:hasIssuer,ex:issuer_114,1.0,
ex:coin_36630,nmo:hasPortrait,ex:person_57,1.0,
ex:coin_36640,nmo:hasIssuer,ex:issuer_114,1.0,
ex:coin_36640,nmo:hasPortrait,ex:person_57,1.0,
ex:coin_36641,nmo:hasIssuer,ex:issuer_114,1.0,
ex:coin_36641,nmo:hasPortrait,ex:person_57,1.0,
ex:coin_36642,nmo:hasIssuer,ex:issuer_114,1.0,
ex:coin_36642,nmo:hasPortrait,ex:person_57,1.0,
ex:coin_36654,nmo:hasIssuer,ex:issuer_114,1.0,
ex:coin_36654,nmo:hasPortrait,ex:person_57,1.0,
ex:coin_36682,nmo:hasIssuer,ex:issuer_114,1.0,
ex:coin_36682,nmo:hasPortrait,ex:person_57,1.0,
ex:coin_36688,nmo:hasIssuer,ex:issuer_114,1.0,
ex:coin_36688,nmo:hasPortrait,ex:person_57,1.0,
ex:coin_36728,nmo:hasIssuer,ex:issuer_114,1.0,
ex:coin_36728,nmo:hasPortrait,ex:person_57,1.0,
ex:coin_36740,nmo:hasIssuer,ex:issuer_114,1.0,
ex:coin_36740,nmo:hasPortrait,ex:person_57,1.0,
ex:coin_36762,nmo:hasIssuer,ex:issuer_114,1.0,
ex:coin_36762,nmo:hasPortrait,ex:person_57,1.0,
ex:coin_36781,nmo:hasIssuer,ex:issuer_114,1.0,
ex:coin_36781,nmo:hasPortrait,ex:person_57,1.0,
ex:coin_36782,nmo:hasIssuer,ex:issuer_114,1.0,
ex:coin_36782,nmo:hasPortrait,ex:person_57,1.0,
ex:coin_36783,nmo:hasIssuer,ex:issuer_114,1.0,
ex:coin_36783,nmo:hasPortrait,ex:person_57,1.0,
ex:coin_36784,nmo:hasIssuer,ex:issuer_114,1.0,
ex:coin_36784,nmo:hasPortrait,ex:person_57,1.0,
ex:coin_36789,nmo:hasIssuer,ex:issuer_114,1.0,
ex:coin_36789,nmo:hasPortrait,ex:person_57,1.0,
ex:coin_36804,nmo:hasIssuer,ex:issuer_114,1.0,
ex:coin_36804,nmo:hasPortrait,ex:person_57,1.0,
ex:coin_36805,nmo:hasIssuer,ex:issuer_114,1.0,
ex:coin_36805,nmo:hasPortrait,ex:person_57,1.0,
ex:coin_36842,nmo:hasIssuer,ex:issuer_114,1.0,
ex:coin_36842,nmo:hasPortrait,ex:person_57,1.0,
ex:coin_36946,nmo:hasIssuer,ex:issuer_114,1.0,
ex:coin_36946,nmo:hasPortrait,ex:person_57,1.0,
ex:coin_36996,nmo:hasIssuer,ex:issuer_114,1.0,
ex:coin_36996,nmo:hasPortrait,ex:person_57,1.0,
ex:coin_36997,nmo:hasIssuer,ex:issuer_114,1.0,
ex:coin_36997,nmo:hasPortrait,ex:person_57,1.0,
ex:coin_36998,nmo:hasIssuer,ex:issuer_114,1.0,
ex:coin_36998,nmo:hasPortrait,ex:person_57,1.0,
ex:coin_36999,nmo:hasIssuer,ex:issuer_114,1.0,
ex:coin_36999,nmo:hasPortrait,ex:person_57,1.0,
ex:coin_37000,nmo:hasIssuer,ex:issuer_114,1.0,
ex:coin_37000,nmo:hasPortrait,ex:person_57,1.0,
ex:coin_37001,nmo:hasIssuer,ex:issuer_114,1.0,
ex:coin_37001,nmo:hasPortrait,ex:person_57,1.0,
ex:coin_37002,nmo:hasIssuer,ex:issuer_114,1.0,
ex:coin_37002,nmo:hasPortrait,ex:person_57,1.0,
ex:coin_37003,nmo:hasIssuer,ex:issuer_114,1.0,
ex:coin_37003,nmo:hasPortrait,ex:person_57,1.0,
ex:coin_37004,nmo:hasIssuer,ex:issuer_114,1.0,
ex:coin_37004,nmo:hasPortrait,ex:person_57,1.0,
ex:coin_37005,nmo:hasIssuer,ex:issuer_114,1.0,
ex:coin_37005,nmo:hasPortrait,ex:person_57,1.0,
ex:coin_37006,nmo:hasIssuer,ex:issuer_114,1.0,
ex:coin_37006,nmo:hasPortrait,ex:person_57,1.0,
ex:coin_37007,nmo:hasIssuer,ex:issuer_114,1.0,
ex:coin_37007,nmo:hasPortrait,ex:person_57,1.0,
ex:coin_37008,nmo:hasIssuer,ex:issuer_114,1.0,
ex:coin_37008,nmo:hasPortrait,ex:person_57,1.0,
ex:coin_37010,nmo:hasIssuer,ex:issuer_114,1.0,
ex:coin_37010,nmo:hasPortrait,ex:person_57,1.0,
ex:coin_37011,nmo:hasIssuer,ex:issuer_114,1.0,
ex:coin_37011,nmo:hasPortrait,ex:person_57,1.0,
ex:coin_37015,nmo:hasIssuer,ex:issuer_114,1.0,
ex:coin_37015,nmo:hasPortrait,ex:person_57,1.0,
ex:coin_37016,nmo:hasIssuer,ex:issuer_114,1.0,
ex:coin_37016,nmo:hasPortrait,ex:person_57,1.0,
ex:coin_37017,nmo:hasIssuer,ex:issuer_114,1.0,
ex:coin_37017,nmo:hasPortrait,ex:person_57,1.0,
ex:coin_37018,nmo:hasIssuer,ex:issuer_114,1.0,
ex:coin_37018,nmo:hasPortrait,ex:person_57,1.0,
ex:coin_37019,nmo:hasIssuer,ex:issuer_114,1.0,
ex:coin_37019,nmo:hasPortrait,ex:person_57,1.0,
ex:coin_37020,nmo:hasIssuer,ex:issuer_114,1.0,
ex:coin_37020,nmo:hasPortrait,ex:person_57,1.0,
ex:coin_37021,nmo:hasIssuer,ex:issuer_114,1.0,
ex:coin_37021,nmo:hasPortrait,ex:person_57,1.0,
ex:coin_37022,nmo:hasIssuer,ex:issuer_114,1.0,
ex:coin_37022,nmo:hasPortrait,ex:person_57,1.0,
ex:coin_37023,nmo:hasIssuer,ex:issuer_114,1.0,
ex:coin_37023,nmo:hasPortrait,ex:person_57,1.0,
ex:coin_37024,nmo:hasIssuer,ex:issuer_114,1.0,
ex:coin_37024,nmo:hasPortrait,ex:person_57,1.0,
ex:coin_37025,nmo:hasIssuer,ex:issuer_114,1.0,
ex:coin_37025,nmo:hasPortrait,ex:person_57,1.0,
ex:coin_37026,nmo:hasIssuer,ex:issuer_114,1.0,
ex:coin_37026,nmo:hasPortrait,ex:person_57,1.0,
ex:coin_37027,nmo:hasIssuer,ex:issuer_114,1.0,
ex:coin_37027,nmo:hasPortrait,ex:person_57,1.0,
ex:coin_37028,nmo:hasIssuer,ex:issuer_114,1.0,
ex:coin_37028,nmo:hasPortrait,ex:person_57,1.0,
ex:coin_37029,nmo:hasIssuer,ex:issuer_114,1.0,
ex:coin_37029,nmo:hasPortrait,ex:person_57,1.0,
ex:coin_37030,nmo:hasIssuer,ex:issuer_114,1.0,
ex:coin_37030,nmo:hasPortrait,ex:person_57,1.0,
ex:coin_37031,nmo:hasIssuer,ex:issuer_114,1.0,
ex:coin_37031,nmo:hasPortrait,ex:person_57,1.0,
ex:coin_37032,nmo:hasIssuer,ex:issuer_114,1.0,
ex:coin_37032,nmo:hasPortrait,ex:person_57,1.0,
ex:coin_37033,nmo:hasIssuer,ex:issuer_114,1.0,
ex:coin_37033,nmo:hasPortrait,ex:person_57,1.0,
ex:coin_37034,nmo:hasIssuer,ex:issuer_114,1.0,
ex:coin_37034,nmo:hasPortrait,ex:person_57,1.0,
ex:coin_37035,nmo:hasIssuer,ex:issuer_114,1.0,
ex:coin_37035,nmo:hasPortrait,ex:person_57,1.0,
ex:coin_37036,nmo:hasIssuer,ex:issuer_114,1.0,
ex:coin_37036,nmo:hasPortrait,ex:person_57,1.0,
ex:coin_37037,nmo:hasIssuer,ex:issuer_114,1.0,
ex:coin_37037,nmo:hasPortrait,ex:person_57,1.0,
ex:coin_37038,nmo:hasIssuer,ex:issuer_114,1.0,
ex:coin_37038,nmo:hasPortrait,ex:person_57,1.0,
ex:coin_37039,nmo:hasIssuer,ex:issuer_114,1.0,
ex:coin_37039,nmo:hasPortrait,ex:person_57,1.0,
ex:coin_37040,nmo:hasIssuer,ex:issuer_114,1.0,
ex:coin_37040,nmo:hasPortrait,ex:person_57,1.0,
ex:coin_37041,nmo:hasIssuer,ex:issuer_114,1.0,
ex:coin_37041,nmo:hasPortrait,ex:person_57,1.0,
ex:coin_37042,nmo:hasIssuer,ex:issuer_114,1.0,
ex:coin_37042,nmo:hasPortrait,ex:person_57,1.0,
ex:coin_37043,nmo:hasIssuer,ex:issuer_114,1.0,
ex:coin_37043,nmo:hasPortrait,ex:person_57,1.0,
ex:coin_37044,nmo:hasIssuer,ex:issuer_114,1.0,
ex:coin_37044,nmo:hasPortrait,ex:person_57,1.0,
ex:coin_37045,nmo:hasIssuer,ex:issuer_114,1.0,
ex:coin_37045,nmo:hasPortrait,ex:person_57,1.0,
ex:coin_37047,nmo:hasIssuer,ex:issuer_114,1.0,
ex:coin_37047,nmo:hasPortrait,ex:person_57,1.0,
ex:coin_37048,nmo:hasIssuer,ex:issuer_114,1.0,
ex:coin_37048,nmo:hasPortrait,ex:person_57,1.0,
ex:coin_37049,nmo:hasIssuer,ex:issuer_114,1.0,
ex:coin_37049,nmo:hasPortrait,ex:person_57,1.0,
ex:coin_37050,nmo:hasIssuer,ex:issuer_114,1.0,
ex:coin_37050,nmo:hasPortrait,ex:person_57,1.0,
ex:coin_37051,nmo:hasIssuer,ex:issuer_114,1.0,
ex:coin_37051,nmo:hasPortrait,ex:person_57,1.0,
ex:coin_37052,nmo:hasIssuer,ex:issuer_114,1.0,
ex:coin_37052,nmo:hasPortrait,ex:person_57,1.0,
ex:coin_37053,nmo:hasIssuer,ex:issuer_114,1.0,
ex:coin_37053,nmo:hasPortrait,ex:person_57,1.0,
ex:coin_37054,nmo:hasIssuer,ex:issuer_114,1.0,
ex:coin_37054,nmo:hasPortrait,ex:person_57,1.0,
ex:coin_37055,nmo:hasIssuer,ex:issuer_114,1.0,
ex:coin_37055,nmo:hasPortrait,ex:person_57,1.0,
ex:coin_37056,nmo:hasIssuer,ex:issuer_114,1.0,
ex:coin_37056,nmo:hasPortrait,ex:person_57,1.0,
ex:coin_37057,nmo:hasIssuer,ex:issuer_114,1.0,
ex:coin_37057,nmo:hasPortrait,ex:person_57,1.0,
ex:coin_37058,nmo:hasIssuer,ex:issuer_114,1.0,
ex:coin_37058,nmo:hasPortrait,ex:person_57,1.0,
ex:coin_37059,nmo:hasIssuer,ex:issuer_114,1.0,
ex:coin_37059,nmo:hasPortrait,ex:person_57,1.0,
ex:coin_37060,nmo:hasIssuer,ex:issuer_114,1.0,
ex:coin_37060,nmo:hasPortrait,ex:person_57,1.0,
ex:coin_37061,nmo:hasIssuer,ex:issuer_114,1.0,
ex:coin_37061,nmo:hasPortrait,ex:person_57,1.0,
ex:coin_37062,nmo:hasIssuer,ex:issuer_114,1.0,
ex:coin_37062,nmo:hasPortrait,ex:person_57,1.0,
ex:coin_37063,nmo:hasIssuer,ex:issuer_114,1.0,
ex:coin_37063,nmo:hasPortrait,ex:person_57,1.0,
ex:coin_37064,nmo:hasIssuer,ex:issuer_114,1.0,
ex:coin_37064,nmo:hasPortrait,ex:person_57,1.0,
ex:coin_37065,nmo:hasIssuer,ex:issuer_114,1.0,
ex:coin_37065,nmo:hasPortrait,ex:person_57,1.0,
ex:coin_37066,nmo:hasIssuer,ex:issuer_114,1.0,
ex:coin_37066,nmo:hasPortrait,ex:person_57,1.0,
ex:coin_37067,nmo:hasIssuer,ex:issuer_114,1.0,
ex:coin_37067,nmo:hasPortrait,ex:person_57,1.0,
ex:coin_37068,nmo:hasIssuer,ex:issuer_114,1.0,
ex:coin_37068,nmo:hasPortrait,ex:person_57,1.0,
ex:coin_37069,nmo:hasIssuer,ex:issuer_114,1.0,
ex:coin_37069,nmo:hasPortrait,ex:person_57,1.0,
ex:coin_37071,nmo:hasIssuer,ex:issuer_114,1.0,
ex:coin_37071,nmo:hasPortrait,ex:person_57,1.0,
ex:coin_40080,nmo:hasIssuer,ex:issuer_114,1.0,
ex:coin_40080,nmo:hasPortrait,ex:person_57,1.0,
ex:coin_41010,nmo:hasIssuer,ex:issuer_114,1.0,
ex:coin_41010,nmo:hasPortrait,ex:person_57,1.0,
ex:coin_41011,nmo:hasIssuer,ex:issuer_114,1.0,
ex:coin_41011,nmo:hasPortrait,ex:person_57,1.0,
ex:coin_41012,nmo:hasIssuer,ex:issuer_114,1.0,
ex:coin_41012,nmo:hasPortrait,ex:person_57,1.0,
ex:coin_41013,nmo:hasIssuer,ex:issuer_114,1.0,
ex:coin_41013,nmo:hasPortrait,ex:person_57,1.0,
ex:coin_41014,nmo:hasIssuer,ex:issuer_114,1.0,
ex:coin_41014,nmo:hasPortrait,ex:person_57,1.0,
ex:coin_41015,nmo:hasIssuer,ex:issuer_114,1.0,
ex:coin_41015,nmo:hasPortrait,ex:person_57,1.0,
ex:coin_13396,nmo:hasIssuer,ex:issuer_116,1.0,
ex:coin_13396,nmo:hasPortrait,ex:person_57,1.0,
ex:coin_13463,nmo:hasIssuer,ex:issuer_116,1.0,
ex:coin_13463,nmo:hasPortrait,ex:person_57,1.0,
ex:coin_537,nmo:hasIssuer,ex:issuer_154,1.0,
ex:coin_537,nmo:hasPortrait,ex:person_42,1.0,
ex:person_42,ex:hasPossibleIssuers,ex:issuer_131,1.0,
ex:coin_1017,nmo:hasIssuer,ex:issuer_154,1.0,
ex:coin_1017,nmo:hasPortrait,ex:person_43,1.0,
ex:person_43,ex:hasPossibleIssuers,ex:issuer_151,1.0,
ex:person_43,ex:hasPossibleIssuers,ex:issuer_152,1.0,
ex:coin_1029,nmo:hasIssuer,ex:issuer_154,1.0,
ex:coin_1029,nmo:hasPortrait,ex:person_43,1.0,
ex:coin_1058,nmo:hasIssuer,ex:issuer_154,1.0,
ex:coin_1058,nmo:hasPortrait,ex:person_43,1.0,
ex:coin_1099,nmo:hasIssuer,ex:issuer_154,1.0,
ex:coin_1099,nmo:hasPortrait,ex:person_39,1.0,
ex:person_39,ex:hasPossibleIssuers,ex:issuer_151,1.0,
ex:person_39,ex:hasPossibleIssuers,ex:issuer_152,1.0,
ex:coin_1103,nmo:hasIssuer,ex:issuer_154,1.0,
ex:coin_1103,nmo:hasPortrait,ex:person_42,1.0,
ex:coin_1140,nmo:hasIssuer,ex:issuer_154,1.0,
ex:coin_1140,nmo:hasPortrait,ex:person_39,1.0,
ex:coin_1169,nmo:hasIssuer,ex:issuer_154,1.0,
ex:coin_1169,nmo:hasPortrait,ex:person_43,1.0,
ex:coin_1170,nmo:hasIssuer,ex:issuer_154,1.0,
ex:coin_1170,nmo:hasPortrait,ex:person_39,1.0,
ex:coin_1182,nmo:hasIssuer,ex:issuer_154,1.0,
ex:coin_1182,nmo:hasPortrait,ex:person_39,1.0,
ex:coin_1194,nmo:hasIssuer,ex:issuer_154,1.0,
ex:coin_1194,nmo:hasPortrait,ex:person_39,1.0,
ex:coin_1788,nmo:hasIssuer,ex:issuer_154,1.0,
ex:coin_1788,nmo:hasPortrait,ex:person_43,1.0,
ex:coin_2076,nmo:hasIssuer,ex:issuer_154,1.0,
ex:coin_2076,nmo:hasPortrait,ex:person_39,1.0,
ex:coin_5095,nmo:hasIssuer,ex:issuer_154,1.0,
ex:coin_5095,nmo:hasPortrait,ex:person_43,1.0,
ex:coin_5309,nmo:hasIssuer,ex:issuer_154,1.0,
ex:coin_5309,nmo:hasPortrait,ex:person_39,1.0,
ex:coin_5846,nmo:hasIssuer,ex:issuer_154,1.0,
ex:coin_5846,nmo:hasPortrait,ex:person_43,1.0,
ex:coin_5900,nmo:hasIssuer,ex:issuer_154,1.0,
ex:coin_5900,nmo:hasPortrait,ex:person_43,1.0,
ex:coin_6071,nmo:hasIssuer,ex:issuer_154,1.0,
ex:coin_6071,nmo:hasPortrait,ex:person_40,1.0,
ex:person_40,ex:hasPossibleIssuers,ex:issuer_151,1.0,
ex:person_40,ex:hasPossibleIssuers,ex:issuer_152,1.0,
ex:coin_6073,nmo:hasIssuer,ex:issuer_154,1.0,
ex:coin_6073,nmo:hasPortrait,ex:person_39,1.0,
ex:coin_9143,nmo:hasIssuer,ex:issuer_154,1.0,
ex:coin_9143,nmo:hasPortrait,ex:person_40,1.0,
ex:coin_10945,nmo:hasIssuer,ex:issuer_154,1.0,
ex:coin_10945,nmo:hasPortrait,ex:person_42,1.0,
ex:coin_10948,nmo:hasIssuer,ex:issuer_154,1.0,
ex:coin_10948,nmo:hasPortrait,ex:person_43,1.0,
ex:coin_10949,nmo:hasIssuer,ex:issuer_154,1.0,
ex:coin_10949,nmo:hasPortrait,ex:person_43,1.0,
ex:coin_10950,nmo:hasIssuer,ex:issuer_154,1.0,
ex:coin_10950,nmo:hasPortrait,ex:person_39,1.0,
ex:coin_10980,nmo:hasIssuer,ex:issuer_154,1.0,
ex:coin_10980,nmo:hasPortrait,ex:person_39,1.0,
ex:coin_10981,nmo:hasIssuer,ex:issuer_154,1.0,
ex:coin_10981,nmo:hasPortrait,ex:person_39,1.0,
ex:coin_10982,nmo:hasIssuer,ex:issuer_154,1.0,
ex:coin_10982,nmo:hasPortrait,ex:person_39,1.0,
ex:coin_11001,nmo:hasIssuer,ex:issuer_154,1.0,
ex:coin_11001,nmo:hasPortrait,ex:person_39,1.0,
ex:coin_11002,nmo:hasIssuer,ex:issuer_154,1.0,
ex:coin_11002,nmo:hasPortrait,ex:person_39,1.0,
ex:coin_11003,nmo:hasIssuer,ex:issuer_154,1.0,
ex:coin_11003,nmo:hasPortrait,ex:person_39,1.0,
ex:coin_11027,nmo:hasIssuer,ex:issuer_154,1.0,
ex:coin_11027,nmo:hasPortrait,ex:person_43,1.0,
ex:coin_11945,nmo:hasIssuer,ex:issuer_154,1.0,
ex:coin_11945,nmo:hasPortrait,ex:person_43,1.0,
ex:coin_12389,nmo:hasIssuer,ex:issuer_154,1.0,
ex:coin_12389,nmo:hasPortrait,ex:person_39,1.0,
ex:coin_13022,nmo:hasIssuer,ex:issuer_154,1.0,
ex:coin_13022,nmo:hasPortrait,ex:person_42,1.0,
ex:coin_13541,nmo:hasIssuer,ex:issuer_154,1.0,
ex:coin_13541,nmo:hasPortrait,ex:person_43,1.0,
ex:coin_13723,nmo:hasIssuer,ex:issuer_154,1.0,
ex:coin_13723,nmo:hasPortrait,ex:person_41,1.0,
ex:person_41,ex:hasPossibleIssuers,ex:issuer_151,1.0,
ex:person_41,ex:hasPossibleIssuers,ex:issuer_152,1.0,
ex:coin_13911,nmo:hasIssuer,ex:issuer_154,1.0,
ex:coin_13911,nmo:hasPortrait,ex:person_43,1.0,
ex:coin_13959,nmo:hasIssuer,ex:issuer_154,1.0,
ex:coin_13959,nmo:hasPortrait,ex:person_42,1.0,
ex:coin_13960,nmo:hasIssuer,ex:issuer_154,1.0,
ex:coin_13960,nmo:hasPortrait,ex:person_39,1.0,
ex:coin_14008,nmo:hasIssuer,ex:issuer_154,1.0,
ex:coin_14008,nmo:hasPortrait,ex:person_39,1.0,
ex:coin_14064,nmo:hasIssuer,ex:issuer_154,1.0,
ex:coin_14064,nmo:hasPortrait,ex:person_42,1.0,
ex:coin_14066,nmo:hasIssuer,ex:issuer_154,1.0,
ex:coin_14066,nmo:hasPortrait,ex:person_39,1.0,
ex:coin_14136,nmo:hasIssuer,ex:issuer_154,1.0,
ex:coin_14136,nmo:hasPortrait,ex:person_40,1.0,
ex:coin_14139,nmo:hasIssuer,ex:issuer_154,1.0,
ex:coin_14139,nmo:hasPortrait,ex:person_43,1.0,
ex:coin_14338,nmo:hasIssuer,ex:issuer_154,1.0,
ex:coin_14338,nmo:hasPortrait,ex:person_39,1.0,
ex:coin_14367,nmo:hasIssuer,ex:issuer_154,1.0,
ex:coin_14367,nmo:hasPortrait,ex:person_42,1.0,
ex:coin_14924,nmo:hasIssuer,ex:issuer_154,1.0,
ex:coin_14924,nmo:hasPortrait,ex:person_39,1.0,
ex:coin_14964,nmo:hasIssuer,ex:issuer_154,1.0,
ex:coin_14964,nmo:hasPortrait,ex:person_43,1.0,
ex:coin_14965,nmo:hasIssuer,ex:issuer_154,1.0,
ex:coin_14965,nmo:hasPortrait,ex:person_43,1.0,
ex:coin_14991,nmo:hasIssuer,ex:issuer_154,1.0,
ex:coin_14991,nmo:hasPortrait,ex:person_39,1.0,
ex:coin_15191,nmo:hasIssuer,ex:issuer_154,1.0,
ex:coin_15191,nmo:hasPortrait,ex:person_39,1.0,
ex:coin_15213,nmo:hasIssuer,ex:issuer_154,1.0,
ex:coin_15213,nmo:hasPortrait,ex:person_39,1.0,
ex:coin_15268,nmo:hasIssuer,ex:issuer_154,1.0,
ex:coin_15268,nmo:hasPortrait,ex:person_43,1.0,
ex:coin_15303,nmo:hasIssuer,ex:issuer_154,1.0,
ex:coin_15303,nmo:hasPortrait,ex:person_43,1.0,
ex:coin_15392,nmo:hasIssuer,ex:issuer_154,1.0,
ex:coin_15392,nmo:hasPortrait,ex:person_39,1.0,
ex:coin_15508,nmo:hasIssuer,ex:issuer_154,1.0,
ex:coin_15508,nmo:hasPortrait,ex:person_42,1.0,
ex:coin_15509,nmo:hasIssuer,ex:issuer_154,1.0,
ex:coin_15509,nmo:hasPortrait,ex:person_43,1.0,
ex:coin_15656,nmo:hasIssuer,ex:issuer_154,1.0,
ex:coin_15656,nmo:hasPortrait,ex:person_39,1.0,
ex:coin_15789,nmo:hasIssuer,ex:issuer_154,1.0,
ex:coin_15789,nmo:hasPortrait,ex:person_42,1.0,
ex:coin_15816,nmo:hasIssuer,ex:issuer_154,1.0,
ex:coin_15816,nmo:hasPortrait,ex:person_43,1.0,
ex:coin_16338,nmo:hasIssuer,ex:issuer_154,1.0,
ex:coin_16338,nmo:hasPortrait,ex:person_43,1.0,
ex:coin_16355,nmo:hasIssuer,ex:issuer_154,1.0,
ex:coin_16355,nmo:hasPortrait,ex:person_43,1.0,
ex:coin_16362,nmo:hasIssuer,ex:issuer_154,1.0,
ex:coin_16362,nmo:hasPortrait,ex:person_43,1.0,
ex:coin_16381,nmo:hasIssuer,ex:issuer_154,1.0,
ex:coin_16381,nmo:hasPortrait,ex:person_43,1.0,
ex:coin_16435,nmo:hasIssuer,ex:issuer_154,1.0,
ex:coin_16435,nmo:hasPortrait,ex:person_43,1.0,
ex:coin_16761,nmo:hasIssuer,ex:issuer_154,1.0,
ex:coin_16761,nmo:hasPortrait,ex:person_39,1.0,
ex:coin_16823,nmo:hasIssuer,ex:issuer_154,1.0,
ex:coin_16823,nmo:hasPortrait,ex:person_43,1.0,
ex:coin_16825,nmo:hasIssuer,ex:issuer_154,1.0,
ex:coin_16825,nmo:hasPortrait,ex:person_43,1.0,
ex:coin_16835,nmo:hasIssuer,ex:issuer_154,1.0,
ex:coin_16835,nmo:hasPortrait,ex:person_39,1.0,
ex:coin_17237,nmo:hasIssuer,ex:issuer_154,1.0,
ex:coin_17237,nmo:hasPortrait,ex:person_39,1.0,
ex:coin_17332,nmo:hasIssuer,ex:issuer_154,1.0,
ex:coin_17332,nmo:hasPortrait,ex:person_43,1.0,
ex:coin_17341,nmo:hasIssuer,ex:issuer_154,1.0,
ex:coin_17341,nmo:hasPortrait,ex:person_43,1.0,
ex:coin_17343,nmo:hasIssuer,ex:issuer_154,1.0,
ex:coin_17343,nmo:hasPortrait,ex:person_43,1.0,
ex:coin_17356,nmo:hasIssuer,ex:issuer_154,1.0,
ex:coin_17356,nmo:hasPortrait,ex:person_39,1.0,
ex:coin_17501,nmo:hasIssuer,ex:issuer_154,1.0,
ex:coin_17501,nmo:hasPortrait,ex:person_43,1.0,
ex:coin_17513,nmo:hasIssuer,ex:issuer_154,1.0,
ex:coin_17513,nmo:hasPortrait,ex:person_43,1.0,
ex:coin_17567,nmo:hasIssuer,ex:issuer_154,1.0,
ex:coin_17567,nmo:hasPortrait,ex:person_39,1.0,
ex:coin_17573,nmo:hasIssuer,ex:issuer_154,1.0,
ex:coin_17573,nmo:hasPortrait,ex:person_39,1.0,
ex:coin_17577,nmo:hasIssuer,ex:issuer_154,1.0,
ex:coin_17577,nmo:hasPortrait,ex:person_42,1.0,
ex:coin_17600,nmo:hasIssuer,ex:issuer_154,1.0,
ex:coin_17600,nmo:hasPortrait,ex:person_39,1.0,
ex:coin_17606,nmo:hasIssuer,ex:issuer_154,1.0,
ex:coin_17606,nmo:hasPortrait,ex:person_42,1.0,
ex:coin_17633,nmo:hasIssuer,ex:issuer_154,1.0,
ex:coin_17633,nmo:hasPortrait,ex:person_41,1.0,
ex:coin_17747,nmo:hasIssuer,ex:issuer_154,1.0,
ex:coin_17747,nmo:hasPortrait,ex:person_43,1.0,
ex:coin_18003,nmo:hasIssuer,ex:issuer_154,1.0,
ex:coin_18003,nmo:hasPortrait,ex:person_39,1.0,
ex:coin_18004,nmo:hasIssuer,ex:issuer_154,1.0,
ex:coin_18004,nmo:hasPortrait,ex:person_39,1.0,
ex:coin_28088,nmo:hasIssuer,ex:issuer_154,1.0,
ex:coin_28088,nmo:hasPortrait,ex:person_42,1.0,
ex:coin_28897,nmo:hasIssuer,ex:issuer_154,1.0,
ex:coin_28897,nmo:hasPortrait,ex:person_42,1.0,
ex:coin_29071,nmo:hasIssuer,ex:issuer_154,1.0,
ex:coin_29071,nmo:hasPortrait,ex:person_42,1.0,
ex:coin_29346,nmo:hasIssuer,ex:issuer_154,1.0,
ex:coin_29346,nmo:hasPortrait,ex:person_43,1.0,
ex:coin_29369,nmo:hasIssuer,ex:issuer_154,1.0,
ex:coin_29369,nmo:hasPortrait,ex:person_42,1.0,
ex:coin_29613,nmo:hasIssuer,ex:issuer_154,1.0,
ex:coin_29613,nmo:hasPortrait,ex:person_39,1.0,
ex:coin_30060,nmo:hasIssuer,ex:issuer_154,1.0,
ex:coin_30060,nmo:hasPortrait,ex:person_43,1.0,
ex:coin_30877,nmo:hasIssuer,ex:issuer_154,1.0,
ex:coin_30877,nmo:hasPortrait,ex:person_42,1.0,
ex:coin_31028,nmo:hasIssuer,ex:issuer_154,1.0,
ex:coin_31028,nmo:hasPortrait,ex:person_43,1.0,
ex:coin_31093,nmo:hasIssuer,ex:issuer_154,1.0,
ex:coin_31093,nmo:hasPortrait,ex:person_43,1.0,
ex:coin_31099,nmo:hasIssuer,ex:issuer_154,1.0,
ex:coin_31099,nmo:hasPortrait,ex:person_43,1.0,
ex:coin_31133,nmo:hasIssuer,ex:issuer_154,1.0,
ex:coin_31133,nmo:hasPortrait,ex:person_39,1.0,
ex:coin_31441,nmo:hasIssuer,ex:issuer_154,1.0,
ex:coin_31441,nmo:hasPortrait,ex:person_39,1.0,
ex:coin_31650,nmo:hasIssuer,ex:issuer_154,1.0,
ex:coin_31650,nmo:hasPortrait,ex:person_42,1.0,
ex:coin_31730,nmo:hasIssuer,ex:issuer_154,1.0,
ex:coin_31730,nmo:hasPortrait,ex:person_43,1.0,
ex:coin_31798,nmo:hasIssuer,ex:issuer_154,1.0,
ex:coin_31798,nmo:hasPortrait,ex:person_42,1.0,
ex:coin_31957,nmo:hasIssuer,ex:issuer_154,1.0,
ex:coin_31957,nmo:hasPortrait,ex:person_42,1.0,
ex:coin_31961,nmo:hasIssuer,ex:issuer_154,1.0,
ex:coin_31961,nmo:hasPortrait,ex:person_42,1.0,
ex:coin_32193,nmo:hasIssuer,ex:issuer_154,1.0,
ex:coin_32193,nmo:hasPortrait,ex:person_39,1.0,
ex:coin_32224,nmo:hasIssuer,ex:issuer_154,1.0,
ex:coin_32224,nmo:hasPortrait,ex:person_42,1.0,
ex:coin_32302,nmo:hasIssuer,ex:issuer_154,1.0,
ex:coin_32302,nmo:hasPortrait,ex:person_42,1.0,
ex:coin_32398,nmo:hasIssuer,ex:issuer_154,1.0,
ex:coin_32398,nmo:hasPortrait,ex:person_43,1.0,
ex:coin_32847,nmo:hasIssuer,ex:issuer_154,1.0,
ex:coin_32847,nmo:hasPortrait,ex:person_42,1.0,
ex:coin_33084,nmo:hasIssuer,ex:issuer_154,1.0,
ex:coin_33084,nmo:hasPortrait,ex:person_39,1.0,
ex:coin_33117,nmo:hasIssuer,ex:issuer_154,1.0,
ex:coin_33117,nmo:hasPortrait,ex:person_39,1.0,
ex:coin_33439,nmo:hasIssuer,ex:issuer_154,1.0,
ex:coin_33439,nmo:hasPortrait,ex:person_42,1.0,
ex:coin_33464,nmo:hasIssuer,ex:issuer_154,1.0,
ex:coin_33464,nmo:hasPortrait,ex:person_39,1.0,
ex:coin_33607,nmo:hasIssuer,ex:issuer_154,1.0,
ex:coin_33607,nmo:hasPortrait,ex:person_43,1.0,
ex:coin_33704,nmo:hasIssuer,ex:issuer_154,1.0,
ex:coin_33704,nmo:hasPortrait,ex:person_43,1.0,
ex:coin_33808,nmo:hasIssuer,ex:issuer_154,1.0,
ex:coin_33808,nmo:hasPortrait,ex:person_42,1.0,
ex:coin_33833,nmo:hasIssuer,ex:issuer_154,1.0,
ex:coin_33833,nmo:hasPortrait,ex:person_41,1.0,
ex:coin_33873,nmo:hasIssuer,ex:issuer_154,1.0,
ex:coin_33873,nmo:hasPortrait,ex:person_39,1.0,
ex:coin_33935,nmo:hasIssuer,ex:issuer_154,1.0,
ex:coin_33935,nmo:hasPortrait,ex:person_43,1.0,
ex:coin_34094,nmo:hasIssuer,ex:issuer_154,1.0,
ex:coin_34094,nmo:hasPortrait,ex:person_39,1.0,
ex:coin_34573,nmo:hasIssuer,ex:issuer_154,1.0,
ex:coin_34573,nmo:hasPortrait,ex:person_39,1.0,
ex:coin_37883,nmo:hasIssuer,ex:issuer_154,1.0,
ex:coin_37883,nmo:hasPortrait,ex:person_39,1.0,
ex:coin_37912,nmo:hasIssuer,ex:issuer_154,1.0,
ex:coin_37912,nmo:hasPortrait,ex:person_39,1.0,
ex:coin_37915,nmo:hasIssuer,ex:issuer_154,1.0,
ex:coin_37915,nmo:hasPortrait,ex:person_43,1.0,
ex:coin_37921,nmo:hasIssuer,ex:issuer_154,1.0,
ex:coin_37921,nmo:hasPortrait,ex:person_43,1.0,
ex:coin_37931,nmo:hasIssuer,ex:issuer_154,1.0,
ex:coin_37931,nmo:hasPortrait,ex:person_39,1.0,
ex:coin_37943,nmo:hasIssuer,ex:issuer_154,1.0,
ex:coin_37943,nmo:hasPortrait,ex:person_43,1.0,
ex:coin_37974,nmo:hasIssuer,ex:issuer_154,1.0,
ex:coin_37974,nmo:hasPortrait,ex:person_39,1.0,
ex:coin_38000,nmo:hasIssuer,ex:issuer_154,1.0,
ex:coin_38000,nmo:hasPortrait,ex:person_43,1.0,
ex:coin_38021,nmo:hasIssuer,ex:issuer_154,1.0,
ex:coin_38021,nmo:hasPortrait,ex:person_41,1.0,
ex:coin_38046,nmo:hasIssuer,ex:issuer_154,1.0,
ex:coin_38046,nmo:hasPortrait,ex:person_39,1.0,
ex:coin_38054,nmo:hasIssuer,ex:issuer_154,1.0,
ex:coin_38054,nmo:hasPortrait,ex:person_39,1.0,
ex:coin_38059,nmo:hasIssuer,ex:issuer_154,1.0,
ex:coin_38059,nmo:hasPortrait,ex:person_39,1.0,
ex:coin_38066,nmo:hasIssuer,ex:issuer_154,1.0,
ex:coin_38066,nmo:hasPortrait,ex:person_39,1.0,
ex:coin_38081,nmo:hasIssuer,ex:issuer_154,1.0,
ex:coin_38081,nmo:hasPortrait,ex:person_42,1.0,
ex:coin_38085,nmo:hasIssuer,ex:issuer_154,1.0,
ex:coin_38085,nmo:hasPortrait,ex:person_42,1.0,
ex:coin_38096,nmo:hasIssuer,ex:issuer_154,1.0,
ex:coin_38096,nmo:hasPortrait,ex:person_42,1.0,
ex:coin_38097,nmo:hasIssuer,ex:issuer_154,1.0,
ex:coin_38097,nmo:hasPortrait,ex:person_43,1.0,
ex:coin_38098,nmo:hasIssuer,ex:issuer_154,1.0,
ex:coin_38098,nmo:hasPortrait,ex:person_39,1.0,
ex:coin_38115,nmo:hasIssuer,ex:issuer_154,1.0,
ex:coin_38115,nmo:hasPortrait,ex:person_43,1.0,
ex:coin_38130,nmo:hasIssuer,ex:issuer_154,1.0,
ex:coin_38130,nmo:hasPortrait,ex:person_43,1.0,
ex:coin_38143,nmo:hasIssuer,ex:issuer_154,1.0,
ex:coin_38143,nmo:hasPortrait,ex:person_39,1.0,
ex:coin_38144,nmo:hasIssuer,ex:issuer_154,1.0,
ex:coin_38144,nmo:hasPortrait,ex:person_43,1.0,
ex:coin_38168,nmo:hasIssuer,ex:issuer_154,1.0,
ex:coin_38168,nmo:hasPortrait,ex:person_39,1.0,
ex:coin_38172,nmo:hasIssuer,ex:issuer_154,1.0,
ex:coin_38172,nmo:hasPortrait,ex:person_43,1.0,
ex:coin_38211,nmo:hasIssuer,ex:issuer_154,1.0,
ex:coin_38211,nmo:hasPortrait,ex:person_39,1.0,
ex:coin_38212,nmo:hasIssuer,ex:issuer_154,1.0,
ex:coin_38212,nmo:hasPortrait,ex:person_39,1.0,
ex:coin_38247,nmo:hasIssuer,ex:issuer_154,1.0,
ex:coin_38247,nmo:hasPortrait,ex:person_43,1.0,
ex:coin_38249,nmo:hasIssuer,ex:issuer_154,1.0,
ex:coin_38249,nmo:hasPortrait,ex:person_40,1.0,
ex:coin_38257,nmo:hasIssuer,ex:issuer_154,1.0,
ex:coin_38257,nmo:hasPortrait,ex:person_43,1.0,
ex:coin_38262,nmo:hasIssuer,ex:issuer_154,1.0,
ex:coin_38262,nmo:hasPortrait,ex:person_42,1.0,
ex:coin_38273,nmo:hasIssuer,ex:issuer_154,1.0,
ex:coin_38273,nmo:hasPortrait,ex:person_39,1.0,
ex:coin_38285,nmo:hasIssuer,ex:issuer_154,1.0,
ex:coin_38285,nmo:hasPortrait,ex:person_43,1.0,
ex:coin_38308,nmo:hasIssuer,ex:issuer_154,1.0,
ex:coin_38308,nmo:hasPortrait,ex:person_43,1.0,
ex:coin_38322,nmo:hasIssuer,ex:issuer_154,1.0,
ex:coin_38322,nmo:hasPortrait,ex:person_39,1.0,
ex:coin_38330,nmo:hasIssuer,ex:issuer_154,1.0,
ex:coin_38330,nmo:hasPortrait,ex:person_43,1.0,
ex:coin_38360,nmo:hasIssuer,ex:issuer_154,1.0,
ex:coin_38360,nmo:hasPortrait,ex:person_43,1.0,
ex:coin_38378,nmo:hasIssuer,ex:issuer_154,1.0,
ex:coin_38378,nmo:hasPortrait,ex:person_43,1.0,
ex:coin_38385,nmo:hasIssuer,ex:issuer_154,1.0,
ex:coin_38385,nmo:hasPortrait,ex:person_43,1.0,
ex:coin_38389,nmo:hasIssuer,ex:issuer_154,1.0,
ex:coin_38389,nmo:hasPortrait,ex:person_39,1.0,
ex:coin_38404,nmo:hasIssuer,ex:issuer_154,1.0,
ex:coin_38404,nmo:hasPortrait,ex:person_39,1.0,
ex:coin_38425,nmo:hasIssuer,ex:issuer_154,1.0,
ex:coin_38425,nmo:hasPortrait,ex:person_39,1.0,
ex:coin_38428,nmo:hasIssuer,ex:issuer_154,1.0,
ex:coin_38428,nmo:hasPortrait,ex:person_42,1.0,
ex:coin_38468,nmo:hasIssuer,ex:issuer_154,1.0,
ex:coin_38468,nmo:hasPortrait,ex:person_43,1.0,
ex:coin_38475,nmo:hasIssuer,ex:issuer_154,1.0,
ex:coin_38475,nmo:hasPortrait,ex:person_41,1.0,
ex:coin_38480,nmo:hasIssuer,ex:issuer_154,1.0,
ex:coin_38480,nmo:hasPortrait,ex:person_40,1.0,
ex:coin_38483,nmo:hasIssuer,ex:issuer_154,1.0,
ex:coin_38483,nmo:hasPortrait,ex:person_43,1.0,
ex:coin_38489,nmo:hasIssuer,ex:issuer_154,1.0,
ex:coin_38489,nmo:hasPortrait,ex:person_39,1.0,
ex:coin_38504,nmo:hasIssuer,ex:issuer_154,1.0,
ex:coin_38504,nmo:hasPortrait,ex:person_39,1.0,
ex:coin_38507,nmo:hasIssuer,ex:issuer_154,1.0,
ex:coin_38507,nmo:hasPortrait,ex:person_39,1.0,
ex:coin_38519,nmo:hasIssuer,ex:issuer_154,1.0,
ex:coin_38519,nmo:hasPortrait,ex:person_43,1.0,
ex:coin_38521,nmo:hasIssuer,ex:issuer_154,1.0,
ex:coin_38521,nmo:hasPortrait,ex:person_43,1.0,
ex:coin_38973,nmo:hasIssuer,ex:issuer_154,1.0,
ex:coin_38973,nmo:hasPortrait,ex:person_42,1.0,
ex:coin_40144,nmo:hasIssuer,ex:issuer_154,1.0,
ex:coin_40144,nmo:hasPortrait,ex:person_39,1.0,
ex:coin_41031,nmo:hasIssuer,ex:issuer_154,1.0,
ex:coin_41031,nmo:hasPortrait,ex:person_39,1.0,
ex:coin_41415,nmo:hasIssuer,ex:issuer_154,1.0,
ex:coin_41415,nmo:hasPortrait,ex:person_43,1.0,
ex:coin_41416,nmo:hasIssuer,ex:issuer_154,1.0,
ex:coin_41416,nmo:hasPortrait,ex:person_39,1.0,
ex:coin_41417,nmo:hasIssuer,ex:issuer_154,1.0,
ex:coin_41417,nmo:hasPortrait,ex:person_43,1.0,
ex:coin_41418,nmo:hasIssuer,ex:issuer_154,1.0,
ex:coin_41418,nmo:hasPortrait,ex:person_43,1.0,
ex:coin_41419,nmo:hasIssuer,ex:issuer_154,1.0,
ex:coin_41419,nmo:hasPortrait,ex:person_43,1.0,
ex:coin_41420,nmo:hasIssuer,ex:issuer_154,1.0,
ex:coin_41420,nmo:hasPortrait,ex:person_43,1.0,
ex:coin_41421,nmo:hasIssuer,ex:issuer_154,1.0,
ex:coin_41421,nmo:hasPortrait,ex:person_43,1.0,
ex:coin_41423,nmo:hasIssuer,ex:issuer_154,1.0,
ex:coin_41423,nmo:hasPortrait,ex:person_39,1.0,
ex:coin_41424,nmo:hasIssuer,ex:issuer_154,1.0,
ex:coin_41424,nmo:hasPortrait,ex:person_39,1.0,
ex:coin_41425,nmo:hasIssuer,ex:issuer_154,1.0,
ex:coin_41425,nmo:hasPortrait,ex:person_43,1.0,
ex:coin_41426,nmo:hasIssuer,ex:issuer_154,1.0,
ex:coin_41426,nmo:hasPortrait,ex:person_43,1.0,
ex:coin_41427,nmo:hasIssuer,ex:issuer_154,1.0,
ex:coin_41427,nmo:hasPortrait,ex:person_43,1.0,
ex:coin_41429,nmo:hasIssuer,ex:issuer_154,1.0,
ex:coin_41429,nmo:hasPortrait,ex:person_39,1.0,
ex:coin_41431,nmo:hasIssuer,ex:issuer_154,1.0,
ex:coin_41431,nmo:hasPortrait,ex:person_39,1.0,
ex:coin_41432,nmo:hasIssuer,ex:issuer_154,1.0,
ex:coin_41432,nmo:hasPortrait,ex:person_39,1.0,
ex:coin_41433,nmo:hasIssuer,ex:issuer_154,1.0,
ex:coin_41433,nmo:hasPortrait,ex:person_43,1.0,
ex:coin_41434,nmo:hasIssuer,ex:issuer_154,1.0,
ex:coin_41434,nmo:hasPortrait,ex:person_43,1.0,
ex:coin_41436,nmo:hasIssuer,ex:issuer_154,1.0,
ex:coin_41436,nmo:hasPortrait,ex:person_43,1.0,
ex:coin_41437,nmo:hasIssuer,ex:issuer_154,1.0,
ex:coin_41437,nmo:hasPortrait,ex:person_39,1.0,
ex:coin_41439,nmo:hasIssuer,ex:issuer_154,1.0,
ex:coin_41439,nmo:hasPortrait,ex:person_39,1.0,
ex:coin_41440,nmo:hasIssuer,ex:issuer_154,1.0,
ex:coin_41440,nmo:hasPortrait,ex:person_39,1.0,
ex:coin_41441,nmo:hasIssuer,ex:issuer_154,1.0,
ex:coin_41441,nmo:hasPortrait,ex:person_39,1.0,
ex:coin_41442,nmo:hasIssuer,ex:issuer_154,1.0,
ex:coin_41442,nmo:hasPortrait,ex:person_39,1.0,
ex:coin_41443,nmo:hasIssuer,ex:issuer_154,1.0,
ex:coin_41443,nmo:hasPortrait,ex:person_39,1.0,
ex:coin_41445,nmo:hasIssuer,ex:issuer_154,1.0,
ex:coin_41445,nmo:hasPortrait,ex:person_43,1.0,
ex:coin_41446,nmo:hasIssuer,ex:issuer_154,1.0,
ex:coin_41446,nmo:hasPortrait,ex:person_43,1.0,
ex:coin_41447,nmo:hasIssuer,ex:issuer_154,1.0,
ex:coin_41447,nmo:hasPortrait,ex:person_43,1.0,
ex:coin_41448,nmo:hasIssuer,ex:issuer_154,1.0,
ex:coin_41448,nmo:hasPortrait,ex:person_39,1.0,
ex:coin_41449,nmo:hasIssuer,ex:issuer_154,1.0,
ex:coin_41449,nmo:hasPortrait,ex:person_39,1.0,
ex:coin_41450,nmo:hasIssuer,ex:issuer_154,1.0,
ex:coin_41450,nmo:hasPortrait,ex:person_39,1.0,
ex:coin_41451,nmo:hasIssuer,ex:issuer_154,1.0,
ex:coin_41451,nmo:hasPortrait,ex:person_39,1.0,
ex:coin_41452,nmo:hasIssuer,ex:issuer_154,1.0,
ex:coin_41452,nmo:hasPortrait,ex:person_39,1.0,
ex:coin_41454,nmo:hasIssuer,ex:issuer_154,1.0,
ex:coin_41454,nmo:hasPortrait,ex:person_43,1.0,
ex:coin_41455,nmo:hasIssuer,ex:issuer_154,1.0,
ex:coin_41455,nmo:hasPortrait,ex:person_39,1.0,
ex:coin_41457,nmo:hasIssuer,ex:issuer_154,1.0,
ex:coin_41457,nmo:hasPortrait,ex:person_43,1.0,
ex:coin_41460,nmo:hasIssuer,ex:issuer_154,1.0,
ex:coin_41460,nmo:hasPortrait,ex:person_43,1.0,
ex:coin_41464,nmo:hasIssuer,ex:issuer_154,1.0,
ex:coin_41464,nmo:hasPortrait,ex:person_43,1.0,
ex:coin_41466,nmo:hasIssuer,ex:issuer_154,1.0,
ex:coin_41466,nmo:hasPortrait,ex:person_39,1.0,
ex:coin_41472,nmo:hasIssuer,ex:issuer_154,1.0,
ex:coin_41472,nmo:hasPortrait,ex:person_39,1.0,
ex:coin_41476,nmo:hasIssuer,ex:issuer_154,1.0,
ex:coin_41476,nmo:hasPortrait,ex:person_43,1.0,
ex:coin_41477,nmo:hasIssuer,ex:issuer_154,1.0,
ex:coin_41477,nmo:hasPortrait,ex:person_39,1.0,
ex:coin_41482,nmo:hasIssuer,ex:issuer_154,1.0,
ex:coin_41482,nmo:hasPortrait,ex:person_43,1.0,
ex:coin_41484,nmo:hasIssuer,ex:issuer_154,1.0,
ex:coin_41484,nmo:hasPortrait,ex:person_43,1.0,
ex:coin_41485,nmo:hasIssuer,ex:issuer_154,1.0,
ex:coin_41485,nmo:hasPortrait,ex:person_43,1.0,
ex:coin_41488,nmo:hasIssuer,ex:issuer_154,1.0,
ex:coin_41488,nmo:hasPortrait,ex:person_43,1.0,
ex:coin_41489,nmo:hasIssuer,ex:issuer_154,1.0,
ex:coin_41489,nmo:hasPortrait,ex:person_43,1.0,
ex:coin_9158,nmo:hasIssuer,ex:issuer_167,1.0,
ex:coin_9158,nmo:hasPortrait,ex:person_40,1.0,
ex:coin_3125,nmo:hasIssuer,ex:issuer_177,1.0,
ex:coin_3125,nmo:hasPortrait,ex:person_4,1.0,
ex:coin_5499,nmo:hasIssuer,ex:issuer_177,1.0,
ex:coin_5499,nmo:hasPortrait,ex:person_57,1.0,
ex:coin_6871,nmo:hasIssuer,ex:issuer_177,1.0,
ex:coin_6871,nmo:hasPortrait,ex:person_57,1.0,
ex:coin_8450,nmo:hasIssuer,ex:issuer_177,1.0,
ex:coin_8450,nmo:hasPortrait,ex:person_57,1.0,
ex:coin_8771,nmo:hasIssuer,ex:issuer_177,1.0,
ex:coin_8771,nmo:hasPortrait,ex:person_33,1.0,
ex:person_33,ex:hasPossibleIssuers,ex:issuer_150,1.0,
ex:coin_8827,nmo:hasIssuer,ex:issuer_177,1.0,
ex:coin_8827,nmo:hasPortrait,ex:person_39,1.0,
ex:coin_8828,nmo:hasIssuer,ex:issuer_177,1.0,
ex:coin_8828,nmo:hasPortrait,ex:person_39,1.0,
ex:coin_8829,nmo:hasIssuer,ex:issuer_177,1.0,
ex:coin_8829,nmo:hasPortrait,ex:person_39,1.0,
ex:coin_8830,nmo:hasIssuer,ex:issuer_177,1.0,
ex:coin_8830,nmo:hasPortrait,ex:person_43,1.0,
ex:coin_8861,nmo:hasIssuer,ex:issuer_177,1.0,
ex:coin_8861,nmo:hasPortrait,ex:person_40,1.0,
ex:coin_8862,nmo:hasIssuer,ex:issuer_177,1.0,
ex:coin_8862,nmo:hasPortrait,ex:person_40,1.0,
ex:coin_8863,nmo:hasIssuer,ex:issuer_177,1.0,
ex:coin_8863,nmo:hasPortrait,ex:person_40,1.0,
ex:coin_8864,nmo:hasIssuer,ex:issuer_177,1.0,
ex:coin_8864,nmo:hasPortrait,ex:person_40,1.0,
ex:coin_8865,nmo:hasIssuer,ex:issuer_177,1.0,
ex:coin_8865,nmo:hasPortrait,ex:person_40,1.0,
ex:coin_8866,nmo:hasIssuer,ex:issuer_177,1.0,
ex:coin_8866,nmo:hasPortrait,ex:person_40,1.0,
ex:coin_8867,nmo:hasIssuer,ex:issuer_177,1.0,
ex:coin_8867,nmo:hasPortrait,ex:person_40,1.0,
ex:coin_8868,nmo:hasIssuer,ex:issuer_177,1.0,
ex:coin_8868,nmo:hasPortrait,ex:person_40,1.0,
ex:coin_8869,nmo:hasIssuer,ex:issuer_177,1.0,
ex:coin_8869,nmo:hasPortrait,ex:person_41,1.0,
ex:coin_8870,nmo:hasIssuer,ex:issuer_177,1.0,
ex:coin_8870,nmo:hasPortrait,ex:person_41,1.0,
ex:coin_8871,nmo:hasIssuer,ex:issuer_177,1.0,
ex:coin_8871,nmo:hasPortrait,ex:person_41,1.0,
ex:coin_8872,nmo:hasIssuer,ex:issuer_177,1.0,
ex:coin_8872,nmo:hasPortrait,ex:person_41,1.0,
ex:coin_8873,nmo:hasIssuer,ex:issuer_177,1.0,
ex:coin_8873,nmo:hasPortrait,ex:person_41,1.0,
ex:coin_8874,nmo:hasIssuer,ex:issuer_177,1.0,
ex:coin_8874,nmo:hasPortrait,ex:person_41,1.0,
ex:coin_8875,nmo:hasIssuer,ex:issuer_177,1.0,
ex:coin_8875,nmo:hasPortrait,ex:person_41,1.0,
ex:coin_8876,nmo:hasIssuer,ex:issuer_177,1.0,
ex:coin_8876,nmo:hasPortrait,ex:person_41,1.0,
ex:coin_8877,nmo:hasIssuer,ex:issuer_177,1.0,
ex:coin_8877,nmo:hasPortrait,ex:person_41,1.0,
ex:coin_8878,nmo:hasIssuer,ex:issuer_177,1.0,
ex:coin_8878,nmo:hasPortrait,ex:person_41,1.0,
ex:coin_8880,nmo:hasIssuer,ex:issuer_177,1.0,
ex:coin_8880,nmo:hasPortrait,ex:person_41,1.0,
ex:coin_14538,nmo:hasIssuer,ex:issuer_177,1.0,
ex:coin_14538,nmo:hasPortrait,ex:person_42,1.0,
ex:coin_14460,nmo:hasIssuer,ex:issuer_189,1.0,
ex:coin_14460,nmo:hasPortrait,ex:person_31,1.0,
ex:person_31,ex:hasPossibleIssuers,ex:issuer_131,1.0,
ex:person_31,ex:hasPossibleIssuers,ex:issuer_281,1.0,
ex:coin_14462,nmo:hasIssuer,ex:issuer_189,1.0,
ex:coin_14462,nmo:hasPortrait,ex:person_31,1.0,