coin,portrait_person,issuer
ex:coin_6612,ex:person_107,ex:issuer_48
ex:coin_7922,ex:person_154,ex:issuer_48
ex:coin_27298,ex:person_5,ex:issuer_63
ex:coin_5542,ex:person_2,ex:issuer_70
ex:coin_12497,ex:person_9,ex:issuer_70
ex:coin_35357,ex:person_4,ex:issuer_73
ex:coin_35414,ex:person_4,ex:issuer_73
ex:coin_42315,ex:person_4,ex:issuer_74
ex:coin_8174,ex:person_176,ex:issuer_77
ex:coin_4590,ex:person_19,ex:issuer_93
ex:coin_4615,ex:person_19,ex:issuer_93
ex:coin_4982,ex:person_19,ex:issuer_93
ex:coin_5420,ex:person_19,ex:issuer_93
ex:coin_5695,ex:person_19,ex:issuer_93
ex:coin_6436,ex:person_19,ex:issuer_93
ex:coin_6537,ex:person_19,ex:issuer_93
ex:coin_7917,ex:person_19,ex:issuer_93
ex:coin_8398,ex:person_19,ex:issuer_93
ex:coin_8516,ex:person_19,ex:issuer_93
ex:coin_8641,ex:person_19,ex:issuer_93
ex:coin_8716,ex:person_19,ex:issuer_93
ex:coin_8995,ex:person_19,ex:issuer_93
ex:coin_9666,ex:person_19,ex:issuer_93
ex:coin_9857,ex:person_19,ex:issuer_93
ex:coin_11453,ex:person_19,ex:issuer_93
ex:coin_11691,ex:person_19,ex:issuer_93
ex:coin_12077,ex:person_19,ex:issuer_93
ex:coin_12958,ex:person_19,ex:issuer_93
ex:coin_13461,ex:person_19,ex:issuer_93
ex:coin_14800,ex:person_19,ex:issuer_93
ex:coin_15157,ex:person_19,ex:issuer_93
ex:coin_15842,ex:person_19,ex:issuer_93
ex:coin_15843,ex:person_19,ex:issuer_93
ex:coin_18375,ex:person_14,ex:issuer_94
ex:coin_829,ex:person_22,ex:issuer_97
ex:coin_1150,ex:person_22,ex:issuer_97
ex:coin_1726,ex:person_23,ex:issuer_97
ex:coin_1727,ex:person_22,ex:issuer_97
ex:coin_1837,ex:person_22,ex:issuer_97
ex:coin_1963,ex:person_22,ex:issuer_97
ex:coin_1968,ex:person_22,ex:issuer_97
ex:coin_2844,ex:person_146,ex:issuer_97
ex:coin_3915,ex:person_22,ex:issuer_97
ex:coin_4743,ex:person_22,ex:issuer_97
ex:coin_4908,ex:person_23,ex:issuer_97
ex:coin_4909,ex:person_22,ex:issuer_97
ex:coin_5385,ex:person_162,ex:issuer_97
ex:coin_5623,ex:person_23,ex:issuer_97
ex:coin_5624,ex:person_23,ex:issuer_97
ex:coin_5625,ex:person_162,ex:issuer_97
ex:coin_5626,ex:person_22,ex:issuer_97
ex:coin_5755,ex:person_23,ex:issuer_97
ex:coin_6319,ex:person_23,ex:issuer_97
ex:coin_6680,ex:person_22,ex:issuer_97
ex:coin_8309,ex:person_22,ex:issuer_97
ex:coin_8573,ex:person_22,ex:issuer_97
ex:coin_8632,ex:person_22,ex:issuer_97
ex:coin_9238,ex:person_162,ex:issuer_97
ex:coin_9346,ex:person_162,ex:issuer_97
ex:coin_11604,ex:person_22,ex:issuer_97
ex:coin_11610,ex:person_23,ex:issuer_97
ex:coin_11909,ex:person_162,ex:issuer_97
ex:coin_11930,ex:person_162,ex:issuer_97
ex:coin_12022,ex:person_22,ex:issuer_97
ex:coin_12928,ex:person_22,ex:issuer_97
ex:coin_12929,ex:person_162,ex:issuer_97
ex:coin_12941,ex:person_22,ex:issuer_97
ex:coin_12942,ex:person_22,ex:issuer_97
ex:coin_12989,ex:person_162,ex:issuer_97
ex:coin_13465,ex:person_23,ex:issuer_97
ex:coin_13472,ex:person_23,ex:issuer_97
ex:coin_13788,ex:person_22,ex:issuer_97
ex:coin_13842,ex:person_22,ex:issuer_97
ex:coin_14032,ex:person_22,ex:issuer_97
ex:coin_14303,ex:person_22,ex:issuer_97
ex:coin_15069,ex:person_22,ex:issuer_97
ex:coin_15128,ex:person_162,ex:issuer_97
ex:coin_15144,ex:person_162,ex:issuer_97
ex:coin_15716,ex:person_22,ex:issuer_97
ex:coin_16229,ex:person_22,ex:issuer_97
ex:coin_16295,ex:person_162,ex:issuer_97
ex:coin_16386,ex:person_22,ex:issuer_97
ex:coin_16613,ex:person_22,ex:issuer_97
ex:coin_16890,ex:person_22,ex:issuer_97
ex:coin_16903,ex:person_162,ex:issuer_97
ex:coin_17172,ex:person_22,ex:issuer_97
ex:coin_17706,ex:person_22,ex:issuer_97
ex:coin_17736,ex:person_22,ex:issuer_97
ex:coin_17745,ex:person_22,ex:issuer_97
ex:coin_17863,ex:person_22,ex:issuer_97
ex:coin_18060,ex:person_22,ex:issuer_97
ex:coin_18480,ex:person_23,ex:issuer_97
ex:coin_27300,ex:person_23,ex:issuer_97
ex:coin_28122,ex:person_23,ex:issuer_97
ex:coin_28123,ex:person_23,ex:issuer_97
ex:coin_28124,ex:person_22,ex:issuer_97
ex:coin_36342,ex:person_23,ex:issuer_97
ex:coin_36344,ex:person_23,ex:issuer_97
ex:coin_36345,ex:person_23,ex:issuer_97
ex:coin_36349,ex:person_23,ex:issuer_97
ex:coin_36372,ex:person_23,ex:issuer_97
ex:coin_36373,ex:person_22,ex:issuer_97
ex:coin_36374,ex:person_22,ex:issuer_97
ex:coin_36375,ex:person_22,ex:issuer_97
ex:coin_36389,ex:person_23,ex:issuer_97
ex:coin_36390,ex:person_23,ex:issuer_97
ex:coin_36393,ex:person_22,ex:issuer_97
ex:coin_36394,ex:person_22,ex:issuer_97
ex:coin_36395,ex:person_22,ex:issuer_97
ex:coin_36396,ex:person_22,ex:issuer_97
ex:coin_36399,ex:person_22,ex:issuer_97
ex:coin_36400,ex:person_22,ex:issuer_97
ex:coin_36409,ex:person_22,ex:issuer_97
ex:coin_36410,ex:person_22,ex:issuer_97
ex:coin_36412,ex:person_23,ex:issuer_97
ex:coin_36417,ex:person_22,ex:issuer_97
ex:coin_36418,ex:person_22,ex:issuer_97
ex:coin_36422,ex:person_22,ex:issuer_97
ex:coin_36423,ex:person_22,ex:issuer_97
ex:coin_36426,ex:person_22,ex:issuer_97
ex:coin_36433,ex:person_23,ex:issuer_97
ex:coin_36434,ex:person_22,ex:issuer_97
ex:coin_40199,ex:person_23,ex:issuer_97
ex:coin_40243,ex:person_23,ex:issuer_97
ex:coin_40244,ex:person_23,ex:issuer_97
ex:coin_40245,ex:person_23,ex:issuer_97
ex:coin_40246,ex:person_23,ex:issuer_97
ex:coin_40247,ex:person_23,ex:issuer_97
ex:coin_40248,ex:person_23,ex:issuer_97
ex:coin_40249,ex:person_23,ex:issuer_97
ex:coin_40250,ex:person_23,ex:issuer_97
ex:coin_40251,ex:person_23,ex:issuer_97
ex:coin_40252,ex:person_23,ex:issuer_97
ex:coin_40253,ex:person_23,ex:issuer_97
ex:coin_40254,ex:person_23,ex:issuer_97
ex:coin_40255,ex:person_22,ex:issuer_97
ex:coin_40256,ex:person_22,ex:issuer_97
ex:coin_40257,ex:person_22,ex:issuer_97
ex:coin_40258,ex:person_22,ex:issuer_97
ex:coin_40259,ex:person_22,ex:issuer_97
ex:coin_40260,ex:person_22,ex:issuer_97
ex:coin_40261,ex:person_22,ex:issuer_97
ex:coin_40262,ex:person_22,ex:issuer_97
ex:coin_40263,ex:person_22,ex:issuer_97
ex:coin_41408,ex:person_162,ex:issuer_97
ex:coin_41409,ex:person_162,ex:issuer_97
ex:coin_41739,ex:person_162,ex:issuer_97
ex:coin_41759,ex:person_162,ex:issuer_97
ex:coin_41765,ex:person_162,ex:issuer_97
ex:coin_41800,ex:person_162,ex:issuer_97
ex:coin_41810,ex:person_162,ex:issuer_97
ex:coin_41852,ex:person_162,ex:issuer_97
ex:coin_41876,ex:person_162,ex:issuer_97
ex:coin_42635,ex:person_162,ex:issuer_97
ex:coin_42645,ex:person_162,ex:issuer_97
ex:coin_42646,ex:person_162,ex:issuer_97
ex:coin_42647,ex:person_162,ex:issuer_97
ex:coin_42648,ex:person_162,ex:issuer_97
ex:coin_42651,ex:person_162,ex:issuer_97
ex:coin_42655,ex:person_162,ex:issuer_97
ex:coin_42740,ex:person_22,ex:issuer_97
ex:coin_42917,ex:person_22,ex:issuer_97
ex:coin_9347,ex:person_47,ex:issuer_103
ex:coin_15016,ex:person_47,ex:issuer_103
ex:coin_5558,ex:person_44,ex:issuer_110
ex:coin_7494,ex:person_44,ex:issuer_110
ex:coin_8575,ex:person_45,ex:issuer_110
ex:coin_13189,ex:person_44,ex:issuer_110
ex:coin_13250,ex:person_45,ex:issuer_110
ex:coin_13251,ex:person_45,ex:issuer_110
ex:coin_16125,ex:person_44,ex:issuer_110
ex:coin_1136,ex:person_57,ex:issuer_114
ex:coin_1744,ex:person_57,ex:issuer_114
ex:coin_14055,ex:person_57,ex:issuer_114
ex:coin_14056,ex:person_57,ex:issuer_114
ex:coin_14819,ex:person_57,ex:issuer_114
ex:coin_15262,ex:person_57,ex:issuer_114
ex:coin_15793,ex:person_57,ex:issuer_114
ex:coin_15833,ex:person_57,ex:issuer_114
ex:coin_16441,ex:person_57,ex:issuer_114
ex:coin_18033,ex:person_57,ex:issuer_114
ex:coin_31074,ex:person_57,ex:issuer_114
ex:coin_32275,ex:person_57,ex:issuer_114
ex:coin_33946,ex:person_57,ex:issuer_114
ex:coin_33947,ex:person_57,ex:issuer_114
ex:coin_33948,ex:person_57,ex:issuer_114
ex:coin_33951,ex:person_57,ex:issuer_114
ex:coin_33952,ex:person_57,ex:issuer_114
ex:coin_33953,ex:person_57,ex:issuer_114
ex:coin_33954,ex:person_57,ex:issuer_114
ex:coin_33955,ex:person_57,ex:issuer_114
ex:coin_33956,ex:person_57,ex:issuer_114
ex:coin_33957,ex:person_57,ex:issuer_114
ex:coin_33958,ex:person_57,ex:issuer_114
ex:coin_33959,ex:person_57,ex:issuer_114
ex:coin_33961,ex:person_57,ex:issuer_114
ex:coin_33962,ex:person_57,ex:issuer_114
ex:coin_33963,ex:person_57,ex:issuer_114
ex:coin_33964,ex:person_57,ex:issuer_114
ex:coin_33965,ex:person_57,ex:issuer_114
ex:coin_33967,ex:person_57,ex:issuer_114
ex:coin_33968,ex:person_57,ex:issuer_114
ex:coin_33969,ex:person_57,ex:issuer_114
ex:coin_33970,ex:person_57,ex:issuer_114
ex:coin_33972,ex:person_57,ex:issuer_114
ex:coin_33974,ex:person_57,ex:issuer_114
ex:coin_33975,ex:person_57,ex:issuer_114
ex:coin_33976,ex:person_57,ex:issuer_114
ex:coin_33977,ex:person_57,ex:issuer_114
ex:coin_33978,ex:person_57,ex:issuer_114
ex:coin_33979,ex:person_57,ex:issuer_114
ex:coin_33981,ex:person_57,ex:issuer_114
ex:coin_33982,ex:person_57,ex:issuer_114
ex:coin_33984,ex:person_57,ex:issuer_114
ex:coin_33986,ex:person_57,ex:issuer_114
ex:coin_33987,ex:person_57,ex:issuer_114
ex:coin_33988,ex:person_57,ex:issuer_114
ex:coin_33989,ex:person_57,ex:issuer_114
ex:coin_33990,ex:person_57,ex:issuer_114
ex:coin_33993,ex:person_57,ex:issuer_114
ex:coin_33996,ex:person_57,ex:issuer_114
ex:coin_33997,ex:person_57,ex:issuer_114
ex:coin_33998,ex:person_57,ex:issuer_114
ex:coin_33999,ex:person_57,ex:issuer_114
ex:coin_34000,ex:person_57,ex:issuer_114
ex:coin_34420,ex:person_57,ex:issuer_114
ex:coin_34748,ex:person_57,ex:issuer_114
ex:coin_34770,ex:person_57,ex:issuer_114
ex:coin_34771,ex:person_57,ex:issuer_114
ex:coin_34807,ex:person_57,ex:issuer_114
ex:coin_34876,ex:person_57,ex:issuer_114
ex:coin_34887,ex:person_57,ex:issuer_114
ex:coin_34916,ex:person_57,ex:issuer_114
ex:coin_34933,ex:person_57,ex:issuer_114
ex:coin_34945,ex:person_57,ex:issuer_114
ex:coin_34952,ex:person_57,ex:issuer_114
ex:coin_34954,ex:person_57,ex:issuer_114
ex:coin_35165,ex:person_57,ex:issuer_114
ex:coin_36596,ex:person_57,ex:issuer_114
ex:coin_36597,ex:person_57,ex:issuer_114
ex:coin_36598,ex:person_57,ex:issuer_114
ex:coin_36599,ex:person_57,ex:issuer_114
ex:coin_36600,ex:person_57,ex:issuer_114
ex:coin_36619,ex:person_57,ex:issuer_114
ex:coin_36620,ex:person_57,ex:issuer_114
ex:coin_36621,ex:person_57,ex:issuer_114
ex:coin_36622,ex:person_57,ex:issuer_114
ex:coin_36628,ex:person_57,ex:issuer_114
ex:coin_36629,ex:person_57,ex:issuer_114
ex:coin_36630,ex:person_57,ex:issuer_114
ex:coin_36640,ex:person_57,ex:issuer_114
ex:coin_36641,ex:person_57,ex:issuer_114
ex:coin_36642,ex:person_57,ex:issuer_114
ex:coin_36654,ex:person_57,ex:issuer_114
ex:coin_36682,ex:person_57,ex:issuer_114
ex:coin_36688,ex:person_57,ex:issuer_114
ex:coin_36728,ex:person_57,ex:issuer_114
ex:coin_36740,ex:person_57,ex:issuer_114
ex:coin_36762,ex:person_57,ex:issuer_114
ex:coin_36781,ex:person_57,ex:issuer_114
ex:coin_36782,ex:person_57,ex:issuer_114
ex:coin_36783,ex:person_57,ex:issuer_114
ex:coin_36784,ex:person_57,ex:issuer_114
ex:coin_36789,ex:person_57,ex:issuer_114
ex:coin_36804,ex:person_57,ex:issuer_114
ex:coin_36805,ex:person_57,ex:issuer_114
ex:coin_36842,ex:person_57,ex:issuer_114
ex:coin_36946,ex:person_57,ex:issuer_114
ex:coin_36996,ex:person_57,ex:issuer_114
ex:coin_36997,ex:person_57,ex:issuer_114
ex:coin_36998,ex:person_57,ex:issuer_114
ex:coin_36999,ex:person_57,ex:issuer_114
ex:coin_37000,ex:person_57,ex:issuer_114
ex:coin_37001,ex:person_57,ex:issuer_114
ex:coin_37002,ex:person_57,ex:issuer_114
ex:coin_37003,ex:person_57,ex:issuer_114
ex:coin_37004,ex:person_57,ex:issuer_114
ex:coin_37005,ex:person_57,ex:issuer_114
ex:coin_37006,ex:person_57,ex:issuer_114
ex:coin_37007,ex:person_57,ex:issuer_114
ex:coin_37008,ex:person_57,ex:issuer_114
ex:coin_37010,ex:person_57,ex:issuer_114
ex:coin_37011,ex:person_57,ex:issuer_114
ex:coin_37015,ex:person_57,ex:issuer_114
ex:coin_37016,ex:person_57,ex:issuer_114
ex:coin_37017,ex:person_57,ex:issuer_114
ex:coin_37018,ex:person_57,ex:issuer_114
ex:coin_37019,ex:person_57,ex:issuer_114
ex:coin_37020,ex:person_57,ex:issuer_114
ex:coin_37021,ex:person_57,ex:issuer_114
ex:coin_37022,ex:person_57,ex:issuer_114
ex:coin_37023,ex:person_57,ex:issuer_114
ex:coin_37024,ex:person_57,ex:issuer_114
ex:coin_37025,ex:person_57,ex:issuer_114
ex:coin_37026,ex:person_57,ex:issuer_114
ex:coin_37027,ex:person_57,ex:issuer_114
ex:coin_37028,ex:person_57,ex:issuer_114
ex:coin_37029,ex:person_57,ex:issuer_114
ex:coin_37030,ex:person_57,ex:issuer_114
ex:coin_37031,ex:person_57,ex:issuer_114
ex:coin_37032,ex:person_57,ex:issuer_114
ex:coin_37033,ex:person_57,ex:issuer_114
ex:coin_37034,ex:person_57,ex:issuer_114
ex:coin_37035,ex:person_57,ex:issuer_114
ex:coin_37036,ex:person_57,ex:issuer_114
ex:coin_37037,ex:person_57,ex:issuer_114
ex:coin_37038,ex:person_57,ex:issuer_114
ex:coin_37039,ex:person_57,ex:issuer_114
ex:coin_37040,ex:person_57,ex:issuer_114
ex:coin_37041,ex:person_57,ex:issuer_114
ex:coin_37042,ex:person_57,ex:issuer_114
ex:coin_37043,ex:person_57,ex:issuer_114
ex:coin_37044,ex:person_57,ex:issuer_114
ex:coin_37045,ex:person_57,ex:issuer_114
ex:coin_37047,ex:person_57,ex:issuer_114
ex:coin_37048,ex:person_57,ex:issuer_114
ex:coin_37049,ex:person_57,ex:issuer_114
ex:coin_37050,ex:person_57,ex:issuer_114
ex:coin_37051,ex:person_57,ex:issuer_114
ex:coin_37052,ex:person_57,ex:issuer_114
ex:coin_37053,ex:person_57,ex:issuer_114
ex:coin_37054,ex:person_57,ex:issuer_114
ex:coin_37055,ex:person_57,ex:issuer_114
ex:coin_37056,ex:person_57,ex:issuer_114
ex:coin_37057,ex:person_57,ex:issuer_114
ex:coin_37058,ex:person_57,ex:issuer_114
ex:coin_37059,ex:person_57,ex:issuer_114
ex:coin_37060,ex:person_57,ex:issuer_114
ex:coin_37061,ex:person_57,ex:issuer_114
ex:coin_37062,ex:person_57,ex:issuer_114
ex:coin_37063,ex:person_57,ex:issuer_114
ex:coin_37064,ex:person_57,ex:issuer_114
ex:coin_37065,ex:person_57,ex:issuer_114
ex:coin_37066,ex:person_57,ex:issuer_114
ex:coin_37067,ex:person_57,ex:issuer_114
ex:coin_37068,ex:person_57,ex:issuer_114
ex:coin_37069,ex:person_57,ex:issuer_114
ex:coin_37071,ex:person_57,ex:issuer_114
ex:coin_40080,ex:person_57,ex:issuer_114
ex:coin_41010,ex:person_57,ex:issuer_114
ex:coin_41011,ex:person_57,ex:issuer_114
ex:coin_41012,ex:person_57,ex:issuer_114
ex:coin_41013,ex:person_57,ex:issuer_114
ex:coin_41014,ex:person_57,ex:issuer_114
ex:coin_41015,ex:person_57,ex:issuer_114
ex:coin_13396,ex:person_57,ex:issuer_116
ex:coin_13463,ex:person_57,ex:issuer_116
ex:coin_13638,ex:person_30,ex:issuer_126
ex:coin_5091,ex:person_31,ex:issuer_127
ex:coin_37275,ex:person_30,ex:issuer_127
ex:coin_968,ex:person_34,ex:issuer_131
ex:coin_973,ex:person_40,ex:issuer_131
ex:coin_974,ex:person_33,ex:issuer_131
ex:coin_978,ex:person_33,ex:issuer_131
ex:coin_982,ex:person_33,ex:issuer_131
ex:coin_983,ex:person_41,ex:issuer_131
ex:coin_985,ex:person_41,ex:issuer_131
ex:coin_1025,ex:person_33,ex:issuer_131
ex:coin_1026,ex:person_41,ex:issuer_131
ex:coin_1031,ex:person_33,ex:issuer_131
ex:coin_1050,ex:person_40,ex:issuer_131
ex:coin_1068,ex:person_40,ex:issuer_131
ex:coin_1079,ex:person_41,ex:issuer_131
ex:coin_1080,ex:person_41,ex:issuer_131
ex:coin_1087,ex:person_33,ex:issuer_131
ex:coin_1088,ex:person_33,ex:issuer_131
ex:coin_1134,ex:person_40,ex:issuer_131
ex:coin_1172,ex:person_41,ex:issuer_131
ex:coin_1489,ex:person_33,ex:issuer_131
ex:coin_1491,ex:person_33,ex:issuer_131
ex:coin_1668,ex:person_41,ex:issuer_131
ex:coin_1709,ex:person_40,ex:issuer_131
ex:coin_1711,ex:person_34,ex:issuer_131
ex:coin_1719,ex:person_33,ex:issuer_131
ex:coin_1720,ex:person_34,ex:issuer_131
ex:coin_1721,ex:person_34,ex:issuer_131
ex:coin_1745,ex:person_33,ex:issuer_131
ex:coin_1749,ex:person_34,ex:issuer_131
ex:coin_1771,ex:person_34,ex:issuer_131
ex:coin_1772,ex:person_33,ex:issuer_131
ex:coin_1773,ex:person_40,ex:issuer_131
ex:coin_2011,ex:person_40,ex:issuer_131
ex:coin_2017,ex:person_34,ex:issuer_131
ex:coin_2029,ex:person_33,ex:issuer_131
ex:coin_2031,ex:person_33,ex:issuer_131
ex:coin_2032,ex:person_34,ex:issuer_131
ex:coin_2034,ex:person_33,ex:issuer_131
ex:coin_2062,ex:person_34,ex:issuer_131
ex:coin_5094,ex:person_41,ex:issuer_131
ex:coin_5100,ex:person_34,ex:issuer_131
ex:coin_5105,ex:person_40,ex:issuer_131
ex:coin_5303,ex:person_34,ex:issuer_131
ex:coin_5397,ex:person_33,ex:issuer_131
ex:coin_5472,ex:person_34,ex:issuer_131
ex:coin_5630,ex:person_40,ex:issuer_131
ex:coin_5671,ex:person_33,ex:issuer_131
ex:coin_5705,ex:person_40,ex:issuer_131
ex:coin_5787,ex:person_40,ex:issuer_131
ex:coin_5788,ex:person_41,ex:issuer_131
ex:coin_5841,ex:person_33,ex:issuer_131
ex:coin_5893,ex:person_36,ex:issuer_131
ex:coin_5894,ex:person_34,ex:issuer_131
ex:coin_5895,ex:person_40,ex:issuer_131
ex:coin_5896,ex:person_40,ex:issuer_131
ex:coin_5897,ex:person_41,ex:issuer_131
ex:coin_5898,ex:person_41,ex:issuer_131
ex:coin_5899,ex:person_41,ex:issuer_131
ex:coin_5924,ex:person_41,ex:issuer_131
ex:coin_6059,ex:person_33,ex:issuer_131
ex:coin_6060,ex:person_33,ex:issuer_131
ex:coin_6061,ex:person_36,ex:issuer_131
ex:coin_6062,ex:person_36,ex:issuer_131
ex:coin_6063,ex:person_34,ex:issuer_131
ex:coin_6064,ex:person_40,ex:issuer_131
ex:coin_6065,ex:person_40,ex:issuer_131
ex:coin_6066,ex:person_40,ex:issuer_131
ex:coin_6067,ex:person_40,ex:issuer_131
ex:coin_6068,ex:person_40,ex:issuer_131
ex:coin_6069,ex:person_40,ex:issuer_131
ex:coin_6070,ex:person_40,ex:issuer_131
ex:coin_6086,ex:person_33,ex:issuer_131
ex:coin_6127,ex:person_33,ex:issuer_131
ex:coin_6170,ex:person_33,ex:issuer_131
ex:coin_6171,ex:person_33,ex:issuer_131
ex:coin_6292,ex:person_40,ex:issuer_131
ex:coin_6316,ex:person_34,ex:issuer_131
ex:coin_6340,ex:person_34,ex:issuer_131
ex:coin_6366,ex:person_33,ex:issuer_131
ex:coin_6389,ex:person_34,ex:issuer_131
ex:coin_6391,ex:person_33,ex:issuer_131
ex:coin_6414,ex:person_36,ex:issuer_131
ex:coin_6466,ex:person_33,ex:issuer_131
ex:coin_6644,ex:person_33,ex:issuer_131
ex:coin_6645,ex:person_33,ex:issuer_131
ex:coin_6646,ex:person_33,ex:issuer_131
ex:coin_6647,ex:person_33,ex:issuer_131
ex:coin_6648,ex:person_33,ex:issuer_131
ex:coin_6651,ex:person_33,ex:issuer_131
ex:coin_6652,ex:person_33,ex:issuer_131
ex:coin_6653,ex:person_33,ex:issuer_131
ex:coin_6654,ex:person_33,ex:issuer_131
ex:coin_6655,ex:person_33,ex:issuer_131
ex:coin_6656,ex:person_33,ex:issuer_131
ex:coin_6657,ex:person_34,ex:issuer_131
ex:coin_6658,ex:person_34,ex:issuer_131
ex:coin_6659,ex:person_34,ex:issuer_131
ex:coin_6665,ex:person_33,ex:issuer_131
ex:coin_6666,ex:person_34,ex:issuer_131
ex:coin_6806,ex:person_33,ex:issuer_131
ex:coin_6880,ex:person_39,ex:issuer_131
ex:coin_6930,ex:person_33,ex:issuer_131
ex:coin_6931,ex:person_33,ex:issuer_131
ex:coin_6932,ex:person_33,ex:issuer_131
ex:coin_6933,ex:person_33,ex:issuer_131
ex:coin_6934,ex:person_40,ex:issuer_131
ex:coin_6935,ex:person_40,ex:issuer_131
ex:coin_6936,ex:person_40,ex:issuer_131
ex:coin_6937,ex:person_40,ex:issuer_131
ex:coin_6938,ex:person_40,ex:issuer_131
ex:coin_6939,ex:person_41,ex:issuer_131
ex:coin_6940,ex:person_41,ex:issuer_131
ex:coin_6941,ex:person_41,ex:issuer_131
ex:coin_7399,ex:person_41,ex:issuer_131
ex:coin_7405,ex:person_40,ex:issuer_131
ex:coin_7473,ex:person_34,ex:issuer_131
ex:coin_7483,ex:person_40,ex:issuer_131
ex:coin_7518,ex:person_34,ex:issuer_131
ex:coin_7560,ex:person_40,ex:issuer_131
ex:coin_7588,ex:person_33,ex:issuer_131
ex:coin_7589,ex:person_36,ex:issuer_131
ex:coin_7590,ex:person_34,ex:issuer_131
ex:coin_7591,ex:person_41,ex:issuer_131
ex:coin_7783,ex:person_33,ex:issuer_131
ex:coin_7784,ex:person_33,ex:issuer_131
ex:coin_7785,ex:person_33,ex:issuer_131
ex:coin_7786,ex:person_34,ex:issuer_131
ex:coin_7788,ex:person_43,ex:issuer_131
ex:coin_7789,ex:person_40,ex:issuer_131
ex:coin_7790,ex:person_40,ex:issuer_131
ex:coin_7791,ex:person_40,ex:issuer_131
ex:coin_7792,ex:person_40,ex:issuer_131
ex:coin_7793,ex:person_40,ex:issuer_131
ex:coin_7794,ex:person_40,ex:issuer_131
ex:coin_7795,ex:person_40,ex:issuer_131
ex:coin_7796,ex:person_41,ex:issuer_131
ex:coin_7797,ex:person_41,ex:issuer_131
ex:coin_7855,ex:person_33,ex:issuer_131
ex:coin_7856,ex:person_33,ex:issuer_131
ex:coin_7858,ex:person_34,ex:issuer_131
ex:coin_7859,ex:person_34,ex:issuer_131
ex:coin_7860,ex:person_34,ex:issuer_131
ex:coin_7861,ex:person_34,ex:issuer_131
ex:coin_7862,ex:person_34,ex:issuer_131
ex:coin_7863,ex:person_39,ex:issuer_131
ex:coin_7864,ex:person_40,ex:issuer_131
ex:coin_7865,ex:person_40,ex:issuer_131
ex:coin_7866,ex:person_40,ex:issuer_131
ex:coin_7867,ex:person_40,ex:issuer_131
ex:coin_7868,ex:person_40,ex:issuer_131
ex:coin_7869,ex:person_40,ex:issuer_131
ex:coin_7870,ex:person_41,ex:issuer_131
ex:coin_7871,ex:person_41,ex:issuer_131
ex:coin_7872,ex:person_41,ex:issuer_131
ex:coin_7873,ex:person_41,ex:issuer_131
ex:coin_7910,ex:person_33,ex:issuer_131
ex:coin_8004,ex:person_34,ex:issuer_131
ex:coin_8042,ex:person_33,ex:issuer_131
ex:coin_8048,ex:person_33,ex:issuer_131
ex:coin_8067,ex:person_40,ex:issuer_131
ex:coin_8101,ex:person_41,ex:issuer_131
ex:coin_8330,ex:person_36,ex:issuer_131
ex:coin_8428,ex:person_34,ex:issuer_131
ex:coin_8483,ex:person_33,ex:issuer_131
ex:coin_8484,ex:person_33,ex:issuer_131
ex:coin_8485,ex:person_33,ex:issuer_131
ex:coin_8486,ex:person_33,ex:issuer_131
ex:coin_8487,ex:person_33,ex:issuer_131
ex:coin_8488,ex:person_33,ex:issuer_131
ex:coin_8489,ex:person_33,ex:issuer_131
ex:coin_8490,ex:person_33,ex:issuer_131
ex:coin_8491,ex:person_33,ex:issuer_131
ex:coin_8492,ex:person_33,ex:issuer_131
ex:coin_8493,ex:person_33,ex:issuer_131
ex:coin_8494,ex:person_33,ex:issuer_131
ex:coin_8495,ex:person_33,ex:issuer_131
ex:coin_8496,ex:person_33,ex:issuer_131
ex:coin_8497,ex:person_34,ex:issuer_131
ex:coin_8498,ex:person_34,ex:issuer_131
ex:coin_8758,ex:person_33,ex:issuer_131
ex:coin_8760,ex:person_36,ex:issuer_131
ex:coin_8776,ex:person_41,ex:issuer_131
ex:coin_8783,ex:person_40,ex:issuer_131
ex:coin_8784,ex:person_40,ex:issuer_131
ex:coin_8799,ex:person_40,ex:issuer_131
ex:coin_8806,ex:person_33,ex:issuer_131
ex:coin_8807,ex:person_33,ex:issuer_131
ex:coin_8808,ex:person_33,ex:issuer_131
ex:coin_8809,ex:person_33,ex:issuer_131
ex:coin_8810,ex:person_33,ex:issuer_131
ex:coin_8811,ex:person_33,ex:issuer_131
ex:coin_8812,ex:person_33,ex:issuer_131
ex:coin_8813,ex:person_33,ex:issuer_131
ex:coin_8814,ex:person_33,ex:issuer_131
ex:coin_8815,ex:person_33,ex:issuer_131
ex:coin_8816,ex:person_33,ex:issuer_131
ex:coin_8817,ex:person_33,ex:issuer_131
ex:coin_8818,ex:person_33,ex:issuer_131
ex:coin_8819,ex:person_34,ex:issuer_131
ex:coin_8820,ex:person_34,ex:issuer_131
ex:coin_8821,ex:person_34,ex:issuer_131
ex:coin_8822,ex:person_34,ex:issuer_131
ex:coin_8823,ex:person_34,ex:issuer_131
ex:coin_8824,ex:person_34,ex:issuer_131
ex:coin_8825,ex:person_36,ex:issuer_131
ex:coin_8940,ex:person_33,ex:issuer_131
ex:coin_8941,ex:person_41,ex:issuer_131
ex:coin_9050,ex:person_30,ex:issuer_131
ex:coin_9140,ex:person_33,ex:issuer_131
ex:coin_9141,ex:person_33,ex:issuer_131
ex:coin_9180,ex:person_33,ex:issuer_131
ex:coin_9241,ex:person_40,ex:issuer_131
ex:coin_9353,ex:person_34,ex:issuer_131
ex:coin_9354,ex:person_34,ex:issuer_131
ex:coin_9355,ex:person_33,ex:issuer_131
ex:coin_9734,ex:person_41,ex:issuer_131
ex:coin_9736,ex:person_41,ex:issuer_131
ex:coin_9737,ex:person_41,ex:issuer_131
ex:coin_9738,ex:person_41,ex:issuer_131
ex:coin_9753,ex:person_40,ex:issuer_131
ex:coin_9754,ex:person_40,ex:issuer_131
ex:coin_9777,ex:person_33,ex:issuer_131
ex:coin_9825,ex:person_30,ex:issuer_131
ex:coin_10190,ex:person_33,ex:issuer_131
ex:coin_10197,ex:person_40,ex:issuer_131
ex:coin_10419,ex:person_33,ex:issuer_131
ex:coin_10448,ex:person_34,ex:issuer_131
ex:coin_10501,ex:person_33,ex:issuer_131
ex:coin_10946,ex:person_41,ex:issuer_131
ex:coin_10954,ex:person_41,ex:issuer_131
ex:coin_10976,ex:person_34,ex:issuer_131
ex:coin_10984,ex:person_41,ex:issuer_131
ex:coin_10985,ex:person_41,ex:issuer_131
ex:coin_10988,ex:person_40,ex:issuer_131
ex:coin_11016,ex:person_34,ex:issuer_131
ex:coin_11493,ex:person_40,ex:issuer_131
ex:coin_11505,ex:person_33,ex:issuer_131
ex:coin_11595,ex:person_40,ex:issuer_131
ex:coin_11616,ex:person_40,ex:issuer_131
ex:coin_12114,ex:person_33,ex:issuer_131
ex:coin_12129,ex:person_34,ex:issuer_131
ex:coin_12130,ex:person_33,ex:issuer_131
ex:coin_12172,ex:person_33,ex:issuer_131
ex:coin_12270,ex:person_34,ex:issuer_131
ex:coin_12419,ex:person_34,ex:issuer_131
ex:coin_12421,ex:person_33,ex:issuer_131
ex:coin_12423,ex:person_41,ex:issuer_131
ex:coin_12477,ex:person_41,ex:issuer_131
ex:coin_12478,ex:person_41,ex:issuer_131
ex:coin_12504,ex:person_34,ex:issuer_131
ex:coin_12857,ex:person_40,ex:issuer_131
ex:coin_12859,ex:person_33,ex:issuer_131
ex:coin_12860,ex:person_33,ex:issuer_131
ex:coin_12898,ex:person_33,ex:issuer_131
ex:coin_12920,ex:person_34,ex:issuer_131
ex:coin_13204,ex:person_30,ex:issuer_131
ex:coin_13205,ex:person_40,ex:issuer_131
ex:coin_13239,ex:person_40,ex:issuer_131
ex:coin_13240,ex:person_33,ex:issuer_131
ex:coin_13456,ex:person_34,ex:issuer_131
ex:coin_13477,ex:person_34,ex:issuer_131
ex:coin_13511,ex:person_40,ex:issuer_131
ex:coin_13540,ex:person_41,ex:issuer_131
ex:coin_13693,ex:person_33,ex:issuer_131
ex:coin_13700,ex:person_33,ex:issuer_131
ex:coin_13702,ex:person_33,ex:issuer_131
ex:coin_13892,ex:person_41,ex:issuer_131
ex:coin_13922,ex:person_40,ex:issuer_131
ex:coin_13923,ex:person_40,ex:issuer_131
ex:coin_13925,ex:person_40,ex:issuer_131
ex:coin_13926,ex:person_40,ex:issuer_131
ex:coin_13927,ex:person_40,ex:issuer_131
ex:coin_13929,ex:person_33,ex:issuer_131
ex:coin_13934,ex:person_41,ex:issuer_131
ex:coin_13935,ex:person_41,ex:issuer_131
ex:coin_13936,ex:person_41,ex:issuer_131
ex:coin_13937,ex:person_41,ex:issuer_131
ex:coin_13938,ex:person_41,ex:issuer_131
ex:coin_13940,ex:person_41,ex:issuer_131
ex:coin_13951,ex:person_34,ex:issuer_131
ex:coin_13954,ex:person_33,ex:issuer_131
ex:coin_13963,ex:person_41,ex:issuer_131
ex:coin_13976,ex:person_39,ex:issuer_131
ex:coin_14004,ex:person_33,ex:issuer_131
ex:coin_14043,ex:person_33,ex:issuer_131
ex:coin_14049,ex:person_41,ex:issuer_131
ex:coin_14119,ex:person_33,ex:issuer_131
ex:coin_14122,ex:person_33,ex:issuer_131
ex:coin_14128,ex:person_33,ex:issuer_131
ex:coin_14133,ex:person_41,ex:issuer_131
ex:coin_14134,ex:person_40,ex:issuer_131
ex:coin_14135,ex:person_40,ex:issuer_131
ex:coin_14138,ex:person_41,ex:issuer_131
ex:coin_14211,ex:person_41,ex:issuer_131
ex:coin_14230,ex:person_40,ex:issuer_131
ex:coin_14231,ex:person_39,ex:issuer_131
ex:coin_14234,ex:person_40,ex:issuer_131
ex:coin_14242,ex:person_41,ex:issuer_131
ex:coin_14354,ex:person_41,ex:issuer_131
ex:coin_14496,ex:person_33,ex:issuer_131
ex:coin_14497,ex:person_33,ex:issuer_131
ex:coin_14500,ex:person_33,ex:issuer_131
ex:coin_14501,ex:person_33,ex:issuer_131
ex:coin_14504,ex:person_33,ex:issuer_131
ex:coin_14505,ex:person_33,ex:issuer_131
ex:coin_14506,ex:person_33,ex:issuer_131
ex:coin_14507,ex:person_33,ex:issuer_131
ex:coin_14508,ex:person_33,ex:issuer_131
ex:coin_14509,ex:person_33,ex:issuer_131
ex:coin_14511,ex:person_33,ex:issuer_131
ex:coin_14512,ex:person_33,ex:issuer_131
ex:coin_14513,ex:person_33,ex:issuer_131
ex:coin_14514,ex:person_33,ex:issuer_131
ex:coin_14515,ex:person_33,ex:issuer_131
ex:coin_14516,ex:person_34,ex:issuer_131
ex:coin_14517,ex:person_34,ex:issuer_131
ex:coin_14518,ex:person_34,ex:issuer_131
ex:coin_14519,ex:person_34,ex:issuer_131
ex:coin_14520,ex:person_36,ex:issuer_131
ex:coin_14521,ex:person_36,ex:issuer_131
ex:coin_14522,ex:person_36,ex:issuer_131
ex:coin_14636,ex:person_33,ex:issuer_131
ex:coin_14925,ex:person_40,ex:issuer_131
ex:coin_14929,ex:person_41,ex:issuer_131
ex:coin_14947,ex:person_40,ex:issuer_131
ex:coin_14958,ex:person_40,ex:issuer_131
ex:coin_14962,ex:person_34,ex:issuer_131
ex:coin_14963,ex:person_40,ex:issuer_131
ex:coin_14990,ex:person_34,ex:issuer_131
ex:coin_15028,ex:person_33,ex:issuer_131
ex:coin_15029,ex:person_36,ex:issuer_131
ex:coin_15030,ex:person_34,ex:issuer_131
ex:coin_15031,ex:person_34,ex:issuer_131
ex:coin_15032,ex:person_43,ex:issuer_131
ex:coin_15033,ex:person_41,ex:issuer_131
ex:coin_15034,ex:person_40,ex:issuer_131
ex:coin_15136,ex:person_40,ex:issuer_131
ex:coin_15162,ex:person_40,ex:issuer_131
ex:coin_15163,ex:person_40,ex:issuer_131
ex:coin_15178,ex:person_33,ex:issuer_131
ex:coin_15180,ex:person_33,ex:issuer_131
ex:coin_15183,ex:person_41,ex:issuer_131
ex:coin_15186,ex:person_41,ex:issuer_131
ex:coin_15230,ex:person_33,ex:issuer_131
ex:coin_15231,ex:person_34,ex:issuer_131
ex:coin_15265,ex:person_33,ex:issuer_131
ex:coin_15266,ex:person_41,ex:issuer_131
ex:coin_15413,ex:person_34,ex:issuer_131
ex:coin_15416,ex:person_40,ex:issuer_131
ex:coin_15417,ex:person_40,ex:issuer_131
ex:coin_15418,ex:person_36,ex:issuer_131
ex:coin_15500,ex:person_34,ex:issuer_131
ex:coin_15600,ex:person_41,ex:issuer_131
ex:coin_15601,ex:person_40,ex:issuer_131
ex:coin_15604,ex:person_34,ex:issuer_131
ex:coin_15619,ex:person_40,ex:issuer_131
ex:coin_15620,ex:person_41,ex:issuer_131
ex:coin_15639,ex:person_34,ex:issuer_131
ex:coin_15643,ex:person_33,ex:issuer_131
ex:coin_15657,ex:person_33,ex:issuer_131
ex:coin_15658,ex:person_41,ex:issuer_131
ex:coin_15815,ex:person_33,ex:issuer_131
ex:coin_16134,ex:person_34,ex:issuer_131
ex:coin_16322,ex:person_41,ex:issuer_131
ex:coin_16375,ex:person_33,ex:issuer_131
ex:coin_16438,ex:person_41,ex:issuer_131
ex:coin_16449,ex:person_34,ex:issuer_131
ex:coin_16468,ex:person_33,ex:issuer_131
ex:coin_16470,ex:person_41,ex:issuer_131
ex:coin_16608,ex:person_33,ex:issuer_131
ex:coin_16610,ex:person_34,ex:issuer_131
ex:coin_16753,ex:person_33,ex:issuer_131
ex:coin_16783,ex:person_41,ex:issuer_131
ex:coin_16784,ex:person_41,ex:issuer_131
ex:coin_16786,ex:person_34,ex:issuer_131
ex:coin_16790,ex:person_40,ex:issuer_131
ex:coin_16792,ex:person_41,ex:issuer_131
ex:coin_16793,ex:person_41,ex:issuer_131
ex:coin_16804,ex:person_41,ex:issuer_131
ex:coin_16807,ex:person_40,ex:issuer_131
ex:coin_16810,ex:person_40,ex:issuer_131
ex:coin_16827,ex:person_41,ex:issuer_131
ex:coin_16832,ex:person_40,ex:issuer_131
ex:coin_16838,ex:person_34,ex:issuer_131
ex:coin_16839,ex:person_34,ex:issuer_131
ex:coin_16841,ex:person_34,ex:issuer_131
ex:coin_16847,ex:person_33,ex:issuer_131
ex:coin_16849,ex:person_41,ex:issuer_131
ex:coin_16868,ex:person_34,ex:issuer_131
ex:coin_16869,ex:person_33,ex:issuer_131
ex:coin_17256,ex:person_33,ex:issuer_131
ex:coin_17262,ex:person_34,ex:issuer_131
ex:coin_17267,ex:person_34,ex:issuer_131
ex:coin_17271,ex:person_40,ex:issuer_131
ex:coin_17281,ex:person_33,ex:issuer_131
ex:coin_17295,ex:person_34,ex:issuer_131
ex:coin_17325,ex:person_33,ex:issuer_131
ex:coin_17333,ex:person_33,ex:issuer_131
ex:coin_17335,ex:person_33,ex:issuer_131
ex:coin_17345,ex:person_41,ex:issuer_131
ex:coin_17361,ex:person_33,ex:issuer_131
ex:coin_17364,ex:person_33,ex:issuer_131
ex:coin_17388,ex:person_41,ex:issuer_131
ex:coin_17405,ex:person_33,ex:issuer_131
ex:coin_17413,ex:person_40,ex:issuer_131
ex:coin_17415,ex:person_33,ex:issuer_131
ex:coin_17458,ex:person_34,ex:issuer_131
ex:coin_17476,ex:person_41,ex:issuer_131
ex:coin_17481,ex:person_34,ex:issuer_131
ex:coin_17514,ex:person_34,ex:issuer_131
ex:coin_17527,ex:person_41,ex:issuer_131
ex:coin_17528,ex:person_34,ex:issuer_131
ex:coin_17543,ex:person_40,ex:issuer_131
ex:coin_17544,ex:person_40,ex:issuer_131
ex:coin_17566,ex:person_34,ex:issuer_131
ex:coin_17569,ex:person_40,ex:issuer_131
ex:coin_17580,ex:person_41,ex:issuer_131
ex:coin_17620,ex:person_33,ex:issuer_131
ex:coin_17628,ex:person_40,ex:issuer_131
ex:coin_17629,ex:person_33,ex:issuer_131
ex:coin_17630,ex:person_33,ex:issuer_131
ex:coin_17631,ex:person_33,ex:issuer_131
ex:coin_17634,ex:person_41,ex:issuer_131
ex:coin_17639,ex:person_34,ex:issuer_131
ex:coin_17641,ex:person_34,ex:issuer_131
ex:coin_17644,ex:person_40,ex:issuer_131
ex:coin_17646,ex:person_41,ex:issuer_131
ex:coin_17647,ex:person_33,ex:issuer_131
ex:coin_17648,ex:person_33,ex:issuer_131
ex:coin_17651,ex:person_33,ex:issuer_131
ex:coin_17661,ex:person_33,ex:issuer_131
ex:coin_17662,ex:person_34,ex:issuer_131
ex:coin_17663,ex:person_33,ex:issuer_131
ex:coin_17665,ex:person_34,ex:issuer_131
ex:coin_17666,ex:person_34,ex:issuer_131
ex:coin_17667,ex:person_34,ex:issuer_131
ex:coin_17669,ex:person_33,ex:issuer_131
ex:coin_17679,ex:person_40,ex:issuer_131
ex:coin_17721,ex:person_41,ex:issuer_131
ex:coin_17722,ex:person_41,ex:issuer_131
ex:coin_18002,ex:person_40,ex:issuer_131
ex:coin_18010,ex:person_41,ex:issuer_131
ex:coin_18011,ex:person_33,ex:issuer_131
ex:coin_18012,ex:person_33,ex:issuer_131
ex:coin_18203,ex:person_142,ex:issuer_131
ex:coin_27445,ex:person_33,ex:issuer_131
ex:coin_27998,ex:person_33,ex:issuer_131
ex:coin_28003,ex:person_33,ex:issuer_131
ex:coin_28005,ex:person_33,ex:issuer_131
ex:coin_28008,ex:person_36,ex:issuer_131
ex:coin_28080,ex:person_40,ex:issuer_131
ex:coin_28083,ex:person_36,ex:issuer_131
ex:coin_28086,ex:person_33,ex:issuer_131
ex:coin_28087,ex:person_33,ex:issuer_131
ex:coin_28352,ex:person_36,ex:issuer_131
ex:coin_28401,ex:person_33,ex:issuer_131
ex:coin_28402,ex:person_33,ex:issuer_131
ex:coin_28406,ex:person_33,ex:issuer_131
ex:coin_28407,ex:person_33,ex:issuer_131
ex:coin_28446,ex:person_36,ex:issuer_131
ex:coin_28451,ex:person_33,ex:issuer_131
ex:coin_28461,ex:person_33,ex:issuer_131
ex:coin_28493,ex:person_33,ex:issuer_131
ex:coin_28845,ex:person_41,ex:issuer_131
ex:coin_28876,ex:person_33,ex:issuer_131
ex:coin_28887,ex:person_36,ex:issuer_131
ex:coin_28888,ex:person_33,ex:issuer_131
ex:coin_28988,ex:person_40,ex:issuer_131
ex:coin_29160,ex:person_41,ex:issuer_131
ex:coin_29215,ex:person_33,ex:issuer_131
ex:coin_29402,ex:person_33,ex:issuer_131
ex:coin_29405,ex:person_33,ex:issuer_131
ex:coin_29425,ex:person_33,ex:issuer_131
ex:coin_29553,ex:person_33,ex:issuer_131
ex:coin_29726,ex:person_33,ex:issuer_131
ex:coin_29738,ex:person_33,ex:issuer_131
ex:coin_29780,ex:person_33,ex:issuer_131
ex:coin_29781,ex:person_33,ex:issuer_131
ex:coin_29957,ex:person_33,ex:issuer_131
ex:coin_30036,ex:person_33,ex:issuer_131
ex:coin_30068,ex:person_36,ex:issuer_131
ex:coin_30141,ex:person_33,ex:issuer_131
ex:coin_30214,ex:person_36,ex:issuer_131
ex:coin_30332,ex:person_33,ex:issuer_131
ex:coin_30339,ex:person_33,ex:issuer_131
ex:coin_30415,ex:person_33,ex:issuer_131
ex:coin_30447,ex:person_33,ex:issuer_131
ex:coin_30585,ex:person_33,ex:issuer_131
ex:coin_30619,ex:person_33,ex:issuer_131
ex:coin_30728,ex:person_39,ex:issuer_131
ex:coin_30949,ex:person_33,ex:issuer_131
ex:coin_30993,ex:person_33,ex:issuer_131
ex:coin_31015,ex:person_40,ex:issuer_131
ex:coin_31031,ex:person_41,ex:issuer_131
ex:coin_31039,ex:person_33,ex:issuer_131
ex:coin_31077,ex:person_33,ex:issuer_131
ex:coin_31140,ex:person_33,ex:issuer_131
ex:coin_31184,ex:person_33,ex:issuer_131
ex:coin_31349,ex:person_33,ex:issuer_131
ex:coin_31416,ex:person_33,ex:issuer_131
ex:coin_31420,ex:person_33,ex:issuer_131
ex:coin_31514,ex:person_33,ex:issuer_131
ex:coin_31547,ex:person_33,ex:issuer_131
ex:coin_31583,ex:person_33,ex:issuer_131
ex:coin_31661,ex:person_33,ex:issuer_131
ex:coin_31700,ex:person_33,ex:issuer_131
ex:coin_31831,ex:person_40,ex:issuer_131
ex:coin_32026,ex:person_33,ex:issuer_131
ex:coin_32240,ex:person_33,ex:issuer_131
ex:coin_32299,ex:person_33,ex:issuer_131
ex:coin_32388,ex:person_39,ex:issuer_131
ex:coin_32403,ex:person_39,ex:issuer_131
ex:coin_32408,ex:person_41,ex:issuer_131
ex:coin_32473,ex:person_33,ex:issuer_131
ex:coin_32510,ex:person_33,ex:issuer_131
ex:coin_32534,ex:person_33,ex:issuer_131
ex:coin_32597,ex:person_33,ex:issuer_131
ex:coin_32641,ex:person_33,ex:issuer_131
ex:coin_32677,ex:person_33,ex:issuer_131
ex:coin_32710,ex:person_40,ex:issuer_131
ex:coin_32823,ex:person_33,ex:issuer_131
ex:coin_32912,ex:person_33,ex:issuer_131
ex:coin_32961,ex:person_33,ex:issuer_131
ex:coin_33197,ex:person_33,ex:issuer_131
ex:coin_33425,ex:person_33,ex:issuer_131
ex:coin_33514,ex:person_41,ex:issuer_131
ex:coin_33551,ex:person_40,ex:issuer_131
ex:coin_33579,ex:person_41,ex:issuer_131
ex:coin_33581,ex:person_33,ex:issuer_131
ex:coin_33604,ex:person_40,ex:issuer_131
ex:coin_33609,ex:person_33,ex:issuer_131
ex:coin_33615,ex:person_33,ex:issuer_131
ex:coin_33637,ex:person_33,ex:issuer_131
ex:coin_33714,ex:person_33,ex:issuer_131
ex:coin_33757,ex:person_33,ex:issuer_131
ex:coin_33758,ex:person_41,ex:issuer_131
ex:coin_33767,ex:person_33,ex:issuer_131
ex:coin_33796,ex:person_41,ex:issuer_131
ex:coin_33798,ex:person_41,ex:issuer_131
ex:coin_33814,ex:person_33,ex:issuer_131
ex:coin_33829,ex:person_40,ex:issuer_131
ex:coin_33849,ex:person_33,ex:issuer_131
ex:coin_33869,ex:person_33,ex:issuer_131
ex:coin_34367,ex:person_34,ex:issuer_131
ex:coin_34588,ex:person_41,ex:issuer_131
ex:coin_34809,ex:person_33,ex:issuer_131
ex:coin_36442,ex:person_33,ex:issuer_131
ex:coin_36825,ex:person_33,ex:issuer_131
ex:coin_36904,ex:person_41,ex:issuer_131
ex:coin_36905,ex:person_33,ex:issuer_131
ex:coin_36941,ex:person_36,ex:issuer_131
ex:coin_36950,ex:person_41,ex:issuer_131
ex:coin_36953,ex:person_41,ex:issuer_131
ex:coin_37289,ex:person_41,ex:issuer_131
ex:coin_37290,ex:person_40,ex:issuer_131
ex:coin_37291,ex:person_41,ex:issuer_131
ex:coin_37292,ex:person_33,ex:issuer_131
ex:coin_37293,ex:person_33,ex:issuer_131
ex:coin_37294,ex:person_41,ex:issuer_131
ex:coin_37295,ex:person_33,ex:issuer_131
ex:coin_37297,ex:person_41,ex:issuer_131
ex:coin_37299,ex:person_33,ex:issuer_131
ex:coin_37300,ex:person_40,ex:issuer_131
ex:coin_37301,ex:person_41,ex:issuer_131
ex:coin_37302,ex:person_33,ex:issuer_131
ex:coin_37303,ex:person_33,ex:issuer_131
ex:coin_37304,ex:person_33,ex:issuer_131
ex:coin_37305,ex:person_40,ex:issuer_131
ex:coin_37306,ex:person_40,ex:issuer_131
ex:coin_37307,ex:person_33,ex:issuer_131
ex:coin_37308,ex:person_41,ex:issuer_131
ex:coin_37309,ex:person_33,ex:issuer_131
ex:coin_37311,ex:person_40,ex:issuer_131
ex:coin_37312,ex:person_33,ex:issuer_131
ex:coin_37313,ex:person_40,ex:issuer_131
ex:coin_37314,ex:person_40,ex:issuer_131
ex:coin_37316,ex:person_33,ex:issuer_131
ex:coin_37317,ex:person_41,ex:issuer_131
ex:coin_37318,ex:person_40,ex:issuer_131
ex:coin_37319,ex:person_33,ex:issuer_131
ex:coin_37320,ex:person_36,ex:issuer_131
ex:coin_37321,ex:person_40,ex:issuer_131
ex:coin_37323,ex:person_41,ex:issuer_131
ex:coin_37324,ex:person_41,ex:issuer_131
ex:coin_37326,ex:person_41,ex:issuer_131
ex:coin_37327,ex:person_41,ex:issuer_131
ex:coin_37328,ex:person_41,ex:issuer_131
ex:coin_37329,ex:person_40,ex:issuer_131
ex:coin_37332,ex:person_41,ex:issuer_131
ex:coin_37333,ex:person_41,ex:issuer_131
ex:coin_37334,ex:person_40,ex:issuer_131
ex:coin_37337,ex:person_41,ex:issuer_131
ex:coin_37339,ex:person_41,ex:issuer_131
ex:coin_37340,ex:person_41,ex:issuer_131
ex:coin_37342,ex:person_41,ex:issuer_131
ex:coin_37343,ex:person_33,ex:issuer_131
ex:coin_37344,ex:person_33,ex:issuer_131
ex:coin_37346,ex:person_40,ex:issuer_131
ex:coin_37347,ex:person_41,ex:issuer_131
ex:coin_37349,ex:person_41,ex:issuer_131
ex:coin_37350,ex:person_33,ex:issuer_131
ex:coin_37351,ex:person_41,ex:issuer_131
ex:coin_37352,ex:person_33,ex:issuer_131
ex:coin_37354,ex:person_40,ex:issuer_131
ex:coin_37355,ex:person_41,ex:issuer_131
ex:coin_37357,ex:person_33,ex:issuer_131
ex:coin_37358,ex:person_33,ex:issuer_131
ex:coin_37359,ex:person_39,ex:issuer_131
ex:coin_37361,ex:person_40,ex:issuer_131
ex:coin_37362,ex:person_41,ex:issuer_131
ex:coin_37363,ex:person_41,ex:issuer_131
ex:coin_37364,ex:person_40,ex:issuer_131
ex:coin_37366,ex:person_33,ex:issuer_131
ex:coin_37367,ex:person_41,ex:issuer_131
ex:coin_37368,ex:person_33,ex:issuer_131
ex:coin_37369,ex:person_41,ex:issuer_131
ex:coin_37370,ex:person_40,ex:issuer_131
ex:coin_37371,ex:person_33,ex:issuer_131
ex:coin_37372,ex:person_41,ex:issuer_131
ex:coin_37373,ex:person_33,ex:issuer_131
ex:coin_37374,ex:person_41,ex:issuer_131
ex:coin_37375,ex:person_41,ex:issuer_131
ex:coin_37376,ex:person_41,ex:issuer_131
ex:coin_37377,ex:person_33,ex:issuer_131
ex:coin_37378,ex:person_33,ex:issuer_131
ex:coin_37380,ex:person_40,ex:issuer_131
ex:coin_37382,ex:person_33,ex:issuer_131
ex:coin_37386,ex:person_40,ex:issuer_131
ex:coin_37387,ex:person_33,ex:issuer_131
ex:coin_37388,ex:person_40,ex:issuer_131
ex:coin_37391,ex:person_40,ex:issuer_131
ex:coin_37392,ex:person_33,ex:issuer_131
ex:coin_37393,ex:person_40,ex:issuer_131
ex:coin_37394,ex:person_33,ex:issuer_131
ex:coin_37395,ex:person_40,ex:issuer_131
ex:coin_37396,ex:person_40,ex:issuer_131
ex:coin_37397,ex:person_40,ex:issuer_131
ex:coin_37398,ex:person_41,ex:issuer_131
ex:coin_37400,ex:person_33,ex:issuer_131
ex:coin_37401,ex:person_33,ex:issuer_131
ex:coin_37402,ex:person_40,ex:issuer_131
ex:coin_37403,ex:person_33,ex:issuer_131
ex:coin_37404,ex:person_40,ex:issuer_131
ex:coin_37406,ex:person_33,ex:issuer_131
ex:coin_37407,ex:person_33,ex:issuer_131
ex:coin_37408,ex:person_33,ex:issuer_131
ex:coin_37409,ex:person_33,ex:issuer_131
ex:coin_37410,ex:person_33,ex:issuer_131
ex:coin_37411,ex:person_40,ex:issuer_131
ex:coin_37412,ex:person_36,ex:issuer_131
ex:coin_37414,ex:person_33,ex:issuer_131
ex:coin_37415,ex:person_41,ex:issuer_131
ex:coin_37416,ex:person_33,ex:issuer_131
ex:coin_37417,ex:person_41,ex:issuer_131
ex:coin_37418,ex:person_36,ex:issuer_131
ex:coin_37419,ex:person_40,ex:issuer_131
ex:coin_37421,ex:person_40,ex:issuer_131
ex:coin_37423,ex:person_41,ex:issuer_131
ex:coin_37424,ex:person_41,ex:issuer_131
ex:coin_37425,ex:person_40,ex:issuer_131
ex:coin_37426,ex:person_41,ex:issuer_131
ex:coin_37427,ex:person_33,ex:issuer_131
ex:coin_37428,ex:person_41,ex:issuer_131
ex:coin_37430,ex:person_33,ex:issuer_131
ex:coin_37431,ex:person_40,ex:issuer_131
ex:coin_37432,ex:person_40,ex:issuer_131
ex:coin_37433,ex:person_33,ex:issuer_131
ex:coin_37434,ex:person_41,ex:issuer_131
ex:coin_37437,ex:person_40,ex:issuer_131
ex:coin_37438,ex:person_33,ex:issuer_131
ex:coin_37441,ex:person_33,ex:issuer_131
ex:coin_37442,ex:person_40,ex:issuer_131
ex:coin_37443,ex:person_33,ex:issuer_131
ex:coin_37444,ex:person_33,ex:issuer_131
ex:coin_37445,ex:person_33,ex:issuer_131
ex:coin_37446,ex:person_33,ex:issuer_131
ex:coin_37463,ex:person_33,ex:issuer_131
ex:coin_37468,ex:person_33,ex:issuer_131
ex:coin_37469,ex:person_40,ex:issuer_131
ex:coin_37470,ex:person_40,ex:issuer_131
ex:coin_37471,ex:person_41,ex:issuer_131
ex:coin_37472,ex:person_33,ex:issuer_131
ex:coin_37473,ex:person_40,ex:issuer_131
ex:coin_37474,ex:person_41,ex:issuer_131
ex:coin_37475,ex:person_40,ex:issuer_131
ex:coin_37476,ex:person_40,ex:issuer_131
ex:coin_37477,ex:person_40,ex:issuer_131
ex:coin_37478,ex:person_40,ex:issuer_131
ex:coin_37479,ex:person_33,ex:issuer_131
ex:coin_37480,ex:person_33,ex:issuer_131
ex:coin_37481,ex:person_33,ex:issuer_131
ex:coin_37482,ex:person_33,ex:issuer_131
ex:coin_37483,ex:person_40,ex:issuer_131
ex:coin_37484,ex:person_40,ex:issuer_131
ex:coin_37485,ex:person_41,ex:issuer_131
ex:coin_37487,ex:person_40,ex:issuer_131
ex:coin_37488,ex:person_40,ex:issuer_131
ex:coin_37489,ex:person_33,ex:issuer_131
ex:coin_37491,ex:person_33,ex:issuer_131
ex:coin_37492,ex:person_41,ex:issuer_131
ex:coin_37493,ex:person_41,ex:issuer_131
ex:coin_37494,ex:person_41,ex:issuer_131
ex:coin_37495,ex:person_41,ex:issuer_131
ex:coin_37496,ex:person_33,ex:issuer_131
ex:coin_37500,ex:person_41,ex:issuer_131
ex:coin_37501,ex:person_40,ex:issuer_131
ex:coin_37502,ex:person_41,ex:issuer_131
ex:coin_37503,ex:person_40,ex:issuer_131
ex:coin_37505,ex:person_33,ex:issuer_131
ex:coin_37506,ex:person_33,ex:issuer_131
ex:coin_37508,ex:person_40,ex:issuer_131
ex:coin_37509,ex:person_36,ex:issuer_131
ex:coin_37510,ex:person_36,ex:issuer_131
ex:coin_37518,ex:person_40,ex:issuer_131
ex:coin_37519,ex:person_40,ex:issuer_131
ex:coin_37521,ex:person_33,ex:issuer_131
ex:coin_37522,ex:person_36,ex:issuer_131
ex:coin_37525,ex:person_40,ex:issuer_131
ex:coin_37533,ex:person_33,ex:issuer_131
ex:coin_37534,ex:person_33,ex:issuer_131
ex:coin_37537,ex:person_33,ex:issuer_131
ex:coin_37539,ex:person_33,ex:issuer_131
ex:coin_37540,ex:person_41,ex:issuer_131
ex:coin_37541,ex:person_41,ex:issuer_131
ex:coin_37542,ex:person_36,ex:issuer_131
ex:coin_37546,ex:person_41,ex:issuer_131
ex:coin_37551,ex:person_33,ex:issuer_131
ex:coin_37556,ex:person_41,ex:issuer_131
ex:coin_37557,ex:person_40,ex:issuer_131
ex:coin_37558,ex:person_33,ex:issuer_131
ex:coin_37560,ex:person_40,ex:issuer_131
ex:coin_37564,ex:person_40,ex:issuer_131
ex:coin_37565,ex:person_40,ex:issuer_131
ex:coin_37567,ex:person_40,ex:issuer_131
ex:coin_37568,ex:person_33,ex:issuer_131
ex:coin_37569,ex:person_33,ex:issuer_131
ex:coin_37571,ex:person_39,ex:issuer_131
ex:coin_37573,ex:person_33,ex:issuer_131
ex:coin_37574,ex:person_33,ex:issuer_131
ex:coin_37580,ex:person_41,ex:issuer_131
ex:coin_37582,ex:person_33,ex:issuer_131
ex:coin_37583,ex:person_41,ex:issuer_131
ex:coin_37586,ex:person_33,ex:issuer_131
ex:coin_37590,ex:person_33,ex:issuer_131
ex:coin_37591,ex:person_33,ex:issuer_131
ex:coin_37596,ex:person_33,ex:issuer_131
ex:coin_37604,ex:person_33,ex:issuer_131
ex:coin_37605,ex:person_33,ex:issuer_131
ex:coin_37606,ex:person_40,ex:issuer_131
ex:coin_37607,ex:person_40,ex:issuer_131
ex:coin_37608,ex:person_33,ex:issuer_131
ex:coin_37612,ex:person_40,ex:issuer_131
ex:coin_37616,ex:person_33,ex:issuer_131
ex:coin_37618,ex:person_33,ex:issuer_131
ex:coin_37621,ex:person_33,ex:issuer_131
ex:coin_37627,ex:person_40,ex:issuer_131
ex:coin_37630,ex:person_40,ex:issuer_131
ex:coin_37631,ex:person_33,ex:issuer_131
ex:coin_37636,ex:person_40,ex:issuer_131
ex:coin_37637,ex:person_41,ex:issuer_131
ex:coin_37639,ex:person_40,ex:issuer_131
ex:coin_37640,ex:person_40,ex:issuer_131
ex:coin_37641,ex:person_33,ex:issuer_131
ex:coin_37642,ex:person_33,ex:issuer_131
ex:coin_37643,ex:person_41,ex:issuer_131
ex:coin_37645,ex:person_40,ex:issuer_131
ex:coin_37647,ex:person_40,ex:issuer_131
ex:coin_37649,ex:person_40,ex:issuer_131
ex:coin_37655,ex:person_33,ex:issuer_131
ex:coin_37659,ex:person_40,ex:issuer_131
ex:coin_37661,ex:person_41,ex:issuer_131
ex:coin_37662,ex:person_33,ex:issuer_131
ex:coin_37663,ex:person_41,ex:issuer_131
ex:coin_37667,ex:person_33,ex:issuer_131
ex:coin_37669,ex:person_41,ex:issuer_131
ex:coin_37670,ex:person_40,ex:issuer_131
ex:coin_37671,ex:person_41,ex:issuer_131
ex:coin_37673,ex:person_33,ex:issuer_131
ex:coin_37675,ex:person_33,ex:issuer_131
ex:coin_37680,ex:person_33,ex:issuer_131
ex:coin_37681,ex:person_40,ex:issuer_131
ex:coin_37682,ex:person_33,ex:issuer_131
ex:coin_37686,ex:person_33,ex:issuer_131
ex:coin_37688,ex:person_40,ex:issuer_131
ex:coin_37691,ex:person_41,ex:issuer_131
ex:coin_37692,ex:person_33,ex:issuer_131
ex:coin_37693,ex:person_33,ex:issuer_131
ex:coin_37697,ex:person_33,ex:issuer_131
ex:coin_37710,ex:person_41,ex:issuer_131
ex:coin_37722,ex:person_41,ex:issuer_131
ex:coin_37723,ex:person_33,ex:issuer_131
ex:coin_37726,ex:person_41,ex:issuer_131
ex:coin_37734,ex:person_33,ex:issuer_131
ex:coin_37745,ex:person_33,ex:issuer_131
ex:coin_37746,ex:person_33,ex:issuer_131
ex:coin_37751,ex:person_33,ex:issuer_131
ex:coin_37756,ex:person_41,ex:issuer_131
ex:coin_37757,ex:person_33,ex:issuer_131
ex:coin_37765,ex:person_41,ex:issuer_131
ex:coin_37767,ex:person_33,ex:issuer_131
ex:coin_37772,ex:person_33,ex:issuer_131
ex:coin_37777,ex:person_41,ex:issuer_131
ex:coin_37784,ex:person_33,ex:issuer_131
ex:coin_37785,ex:person_33,ex:issuer_131
ex:coin_37789,ex:person_33,ex:issuer_131
ex:coin_37791,ex:person_33,ex:issuer_131
ex:coin_37793,ex:person_41,ex:issuer_131
ex:coin_37794,ex:person_41,ex:issuer_131
ex:coin_37796,ex:person_33,ex:issuer_131
ex:coin_37797,ex:person_40,ex:issuer_131
ex:coin_37798,ex:person_33,ex:issuer_131
ex:coin_37800,ex:person_40,ex:issuer_131
ex:coin_37803,ex:person_41,ex:issuer_131
ex:coin_37804,ex:person_41,ex:issuer_131
ex:coin_37805,ex:person_40,ex:issuer_131
ex:coin_37806,ex:person_41,ex:issuer_131
ex:coin_37809,ex:person_33,ex:issuer_131
ex:coin_37812,ex:person_33,ex:issuer_131
ex:coin_37813,ex:person_33,ex:issuer_131
ex:coin_37814,ex:person_40,ex:issuer_131
ex:coin_37817,ex:person_33,ex:issuer_131
ex:coin_37819,ex:person_33,ex:issuer_131
ex:coin_37822,ex:person_33,ex:issuer_131
ex:coin_37823,ex:person_41,ex:issuer_131
ex:coin_37829,ex:person_33,ex:issuer_131
ex:coin_37830,ex:person_33,ex:issuer_131
ex:coin_37831,ex:person_33,ex:issuer_131
ex:coin_37832,ex:person_40,ex:issuer_131
ex:coin_37833,ex:person_33,ex:issuer_131
ex:coin_37834,ex:person_40,ex:issuer_131
ex:coin_37836,ex:person_40,ex:issuer_131
ex:coin_37837,ex:person_40,ex:issuer_131
ex:coin_37838,ex:person_33,ex:issuer_131
ex:coin_37841,ex:person_41,ex:issuer_131
ex:coin_37842,ex:person_40,ex:issuer_131
ex:coin_37843,ex:person_33,ex:issuer_131
ex:coin_37847,ex:person_41,ex:issuer_131
ex:coin_37848,ex:person_33,ex:issuer_131
ex:coin_37851,ex:person_41,ex:issuer_131
ex:coin_37857,ex:person_33,ex:issuer_131
ex:coin_37860,ex:person_33,ex:issuer_131
ex:coin_37865,ex:person_33,ex:issuer_131
ex:coin_37868,ex:person_40,ex:issuer_131
ex:coin_37871,ex:person_33,ex:issuer_131
ex:coin_37872,ex:person_40,ex:issuer_131
ex:coin_37873,ex:person_33,ex:issuer_131
ex:coin_37874,ex:person_33,ex:issuer_131
ex:coin_38947,ex:person_40,ex:issuer_131
ex:coin_38948,ex:person_40,ex:issuer_131
ex:coin_38955,ex:person_40,ex:issuer_131
ex:coin_38956,ex:person_40,ex:issuer_131
ex:coin_38963,ex:person_33,ex:issuer_131
ex:coin_38965,ex:person_40,ex:issuer_131
ex:coin_38972,ex:person_40,ex:issuer_131
ex:coin_39439,ex:person_41,ex:issuer_131
ex:coin_40099,ex:person_40,ex:issuer_131
ex:coin_41481,ex:person_40,ex:issuer_131
ex:coin_41494,ex:person_40,ex:issuer_131
ex:coin_4756,ex:person_31,ex:issuer_150
ex:coin_6517,ex:person_42,ex:issuer_151
ex:coin_12351,ex:person_70,ex:issuer_151
ex:coin_14756,ex:person_70,ex:issuer_151
ex:coin_14757,ex:person_70,ex:issuer_151
ex:coin_14758,ex:person_70,ex:issuer_151
ex:coin_14759,ex:person_70,ex:issuer_151
ex:coin_42321,ex:person_70,ex:issuer_151
ex:coin_42669,ex:person_70,ex:issuer_151
ex:coin_17080,ex:person_34,ex:issuer_152
ex:coin_537,ex:person_42,ex:issuer_154
ex:coin_1017,ex:person_43,ex:issuer_154
ex:coin_1029,ex:person_43,ex:issuer_154
ex:coin_1058,ex:person_43,ex:issuer_154
ex:coin_1099,ex:person_39,ex:issuer_154
ex:coin_1103,ex:person_42,ex:issuer_154
ex:coin_1140,ex:person_39,ex:issuer_154
ex:coin_1169,ex:person_43,ex:issuer_154
ex:coin_1170,ex:person_39,ex:issuer_154
ex:coin_1182,ex:person_39,ex:issuer_154
ex:coin_1194,ex:person_39,ex:issuer_154
ex:coin_1788,ex:person_43,ex:issuer_154
ex:coin_2076,ex:person_39,ex:issuer_154
ex:coin_5095,ex:person_43,ex:issuer_154
ex:coin_5309,ex:person_39,ex:issuer_154
ex:coin_5846,ex:person_43,ex:issuer_154
ex:coin_5900,ex:person_43,ex:issuer_154
ex:coin_6071,ex:person_40,ex:issuer_154
ex:coin_6073,ex:person_39,ex:issuer_154
ex:coin_9143,ex:person_40,ex:issuer_154
ex:coin_10945,ex:person_42,ex:issuer_154
ex:coin_10948,ex:person_43,ex:issuer_154
ex:coin_10949,ex:person_43,ex:issuer_154
ex:coin_10950,ex:person_39,ex:issuer_154
ex:coin_10980,ex:person_39,ex:issuer_154
ex:coin_10981,ex:person_39,ex:issuer_154
ex:coin_10982,ex:person_39,ex:issuer_154
ex:coin_11001,ex:person_39,ex:issuer_154
ex:coin_11002,ex:person_39,ex:issuer_154
ex:coin_11003,ex:person_39,ex:issuer_154
ex:coin_11027,ex:person_43,ex:issuer_154
ex:coin_11945,ex:person_43,ex:issuer_154
ex:coin_12389,ex:person_39,ex:issuer_154
ex:coin_13022,ex:person_42,ex:issuer_154
ex:coin_13541,ex:person_43,ex:issuer_154
ex:coin_13723,ex:person_41,ex:issuer_154
ex:coin_13911,ex:person_43,ex:issuer_154
ex:coin_13959,ex:person_42,ex:issuer_154
ex:coin_13960,ex:person_39,ex:issuer_154
ex:coin_14008,ex:person_39,ex:issuer_154
ex:coin_14064,ex:person_42,ex:issuer_154
ex:coin_14066,ex:person_39,ex:issuer_154
ex:coin_14136,ex:person_40,ex:issuer_154
ex:coin_14139,ex:person_43,ex:issuer_154
ex:coin_14338,ex:person_39,ex:issuer_154
ex:coin_14367,ex:person_42,ex:issuer_154
ex:coin_14924,ex:person_39,ex:issuer_154
ex:coin_14964,ex:person_43,ex:issuer_154
ex:coin_14965,ex:person_43,ex:issuer_154
ex:coin_14991,ex:person_39,ex:issuer_154
ex:coin_15191,ex:person_39,ex:issuer_154
ex:coin_15213,ex:person_39,ex:issuer_154
ex:coin_15268,ex:person_43,ex:issuer_154
ex:coin_15303,ex:person_43,ex:issuer_154
ex:coin_15392,ex:person_39,ex:issuer_154
ex:coin_15508,ex:person_42,ex:issuer_154
ex:coin_15509,ex:person_43,ex:issuer_154
ex:coin_15656,ex:person_39,ex:issuer_154
ex:coin_15789,ex:person_42,ex:issuer_154
ex:coin_15816,ex:person_43,ex:issuer_154
ex:coin_16338,ex:person_43,ex:issuer_154
ex:coin_16355,ex:person_43,ex:issuer_154
ex:coin_16362,ex:person_43,ex:issuer_154
ex:coin_16381,ex:person_43,ex:issuer_154
ex:coin_16435,ex:person_43,ex:issuer_154
ex:coin_16761,ex:person_39,ex:issuer_154
ex:coin_16823,ex:person_43,ex:issuer_154
ex:coin_16825,ex:person_43,ex:issuer_154
ex:coin_16835,ex:person_39,ex:issuer_154
ex:coin_17237,ex:person_39,ex:issuer_154
ex:coin_17332,ex:person_43,ex:issuer_154
ex:coin_17341,ex:person_43,ex:issuer_154
ex:coin_17343,ex:person_43,ex:issuer_154
ex:coin_17356,ex:person_39,ex:issuer_154
ex:coin_17501,ex:person_43,ex:issuer_154
ex:coin_17513,ex:person_43,ex:issuer_154
ex:coin_17567,ex:person_39,ex:issuer_154
ex:coin_17573,ex:person_39,ex:issuer_154
ex:coin_17577,ex:person_42,ex:issuer_154
ex:coin_17600,ex:person_39,ex:issuer_154
ex:coin_17606,ex:person_42,ex:issuer_154
ex:coin_17633,ex:person_41,ex:issuer_154
ex:coin_17747,ex:person_43,ex:issuer_154
ex:coin_18003,ex:person_39,ex:issuer_154
ex:coin_18004,ex:person_39,ex:issuer_154
ex:coin_28088,ex:person_42,ex:issuer_154
ex:coin_28897,ex:person_42,ex:issuer_154
ex:coin_29071,ex:person_42,ex:issuer_154
ex:coin_29346,ex:person_43,ex:issuer_154
ex:coin_29369,ex:person_42,ex:issuer_154
ex:coin_29613,ex:person_39,ex:issuer_154
ex:coin_30060,ex:person_43,ex:issuer_154
ex:coin_30877,ex:person_42,ex:issuer_154
ex:coin_31028,ex:person_43,ex:issuer_154
ex:coin_31093,ex:person_43,ex:issuer_154
ex:coin_31099,ex:person_43,ex:issuer_154
ex:coin_31133,ex:person_39,ex:issuer_154
ex:coin_31441,ex:person_39,ex:issuer_154
ex:coin_31650,ex:person_42,ex:issuer_154
ex:coin_31730,ex:person_43,ex:issuer_154
ex:coin_31798,ex:person_42,ex:issuer_154
ex:coin_31957,ex:person_42,ex:issuer_154
ex:coin_31961,ex:person_42,ex:issuer_154
ex:coin_32193,ex:person_39,ex:issuer_154
ex:coin_32224,ex:person_42,ex:issuer_154
ex:coin_32302,ex:person_42,ex:issuer_154
ex:coin_32398,ex:person_43,ex:issuer_154
ex:coin_32847,ex:person_42,ex:issuer_154
ex:coin_33084,ex:person_39,ex:issuer_154
ex:coin_33117,ex:person_39,ex:issuer_154
ex:coin_33439,ex:person_42,ex:issuer_154
ex:coin_33464,ex:person_39,ex:issuer_154
ex:coin_33607,ex:person_43,ex:issuer_154
ex:coin_33704,ex:person_43,ex:issuer_154
ex:coin_33808,ex:person_42,ex:issuer_154
ex:coin_33833,ex:person_41,ex:issuer_154
ex:coin_33873,ex:person_39,ex:issuer_154
ex:coin_33935,ex:person_43,ex:issuer_154
ex:coin_34094,ex:person_39,ex:issuer_154
ex:coin_34573,ex:person_39,ex:issuer_154
ex:coin_37883,ex:person_39,ex:issuer_154
ex:coin_37912,ex:person_39,ex:issuer_154
ex:coin_37915,ex:person_43,ex:issuer_154
ex:coin_37921,ex:person_43,ex:issuer_154
ex:coin_37931,ex:person_39,ex:issuer_154
ex:coin_37943,ex:person_43,ex:issuer_154
ex:coin_37974,ex:person_39,ex:issuer_154
ex:coin_38000,ex:person_43,ex:issuer_154
ex:coin_38021,ex:person_41,ex:issuer_154
ex:coin_38046,ex:person_39,ex:issuer_154
ex:coin_38054,ex:person_39,ex:issuer_154
ex:coin_38059,ex:person_39,ex:issuer_154
ex:coin_38066,ex:person_39,ex:issuer_154
ex:coin_38081,ex:person_42,ex:issuer_154
ex:coin_38085,ex:person_42,ex:issuer_154
ex:coin_38096,ex:person_42,ex:issuer_154
ex:coin_38097,ex:person_43,ex:issuer_154
ex:coin_38098,ex:person_39,ex:issuer_154
ex:coin_38115,ex:person_43,ex:issuer_154
ex:coin_38130,ex:person_43,ex:issuer_154
ex:coin_38143,ex:person_39,ex:issuer_154
ex:coin_38144,ex:person_43,ex:issuer_154
ex:coin_38168,ex:person_39,ex:issuer_154
ex:coin_38172,ex:person_43,ex:issuer_154
ex:coin_38211,ex:person_39,ex:issuer_154
ex:coin_38212,ex:person_39,ex:issuer_154
ex:coin_38247,ex:person_43,ex:issuer_154
ex:coin_38249,ex:person_40,ex:issuer_154
ex:coin_38257,ex:person_43,ex:issuer_154
ex:coin_38262,ex:person_42,ex:issuer_154
ex:coin_38273,ex:person_39,ex:issuer_154
ex:coin_38285,ex:person_43,ex:issuer_154
ex:coin_38308,ex:person_43,ex:issuer_154
ex:coin_38322,ex:person_39,ex:issuer_154
ex:coin_38330,ex:person_43,ex:issuer_154
ex:coin_38360,ex:person_43,ex:issuer_154
ex:coin_38378,ex:person_43,ex:issuer_154
ex:coin_38385,ex:person_43,ex:issuer_154
ex:coin_38389,ex:person_39,ex:issuer_154
ex:coin_38404,ex:person_39,ex:issuer_154
ex:coin_38425,ex:person_39,ex:issuer_154
ex:coin_38428,ex:person_42,ex:issuer_154
ex:coin_38468,ex:person_43,ex:issuer_154
ex:coin_38475,ex:person_41,ex:issuer_154
ex:coin_38480,ex:person_40,ex:issuer_154
ex:coin_38483,ex:person_43,ex:issuer_154
ex:coin_38489,ex:person_39,ex:issuer_154
ex:coin_38504,ex:person_39,ex:issuer_154
ex:coin_38507,ex:person_39,ex:issuer_154
ex:coin_38519,ex:person_43,ex:issuer_154
ex:coin_38521,ex:person_43,ex:issuer_154
ex:coin_38973,ex:person_42,ex:issuer_154
ex:coin_40144,ex:person_39,ex:issuer_154
ex:coin_41031,ex:person_39,ex:issuer_154
ex:coin_41415,ex:person_43,ex:issuer_154
ex:coin_41416,ex:person_39,ex:issuer_154
ex:coin_41417,ex:person_43,ex:issuer_154
ex:coin_41418,ex:person_43,ex:issuer_154
ex:coin_41419,ex:person_43,ex:issuer_154
ex:coin_41420,ex:person_43,ex:issuer_154
ex:coin_41421,ex:person_43,ex:issuer_154
ex:coin_41423,ex:person_39,ex:issuer_154
ex:coin_41424,ex:person_39,ex:issuer_154
ex:coin_41425,ex:person_43,ex:issuer_154
ex:coin_41426,ex:person_43,ex:issuer_154
ex:coin_41427,ex:person_43,ex:issuer_154
ex:coin_41429,ex:person_39,ex:issuer_154
ex:coin_41431,ex:person_39,ex:issuer_154
ex:coin_41432,ex:person_39,ex:issuer_154
ex:coin_41433,ex:person_43,ex:issuer_154
ex:coin_41434,ex:person_43,ex:issuer_154
ex:coin_41436,ex:person_43,ex:issuer_154
ex:coin_41437,ex:person_39,ex:issuer_154
ex:coin_41439,ex:person_39,ex:issuer_154
ex:coin_41440,ex:person_39,ex:issuer_154
ex:coin_41441,ex:person_39,ex:issuer_154
ex:coin_41442,ex:person_39,ex:issuer_154
ex:coin_41443,ex:person_39,ex:issuer_154
ex:coin_41445,ex:person_43,ex:issuer_154
ex:coin_41446,ex:person_43,ex:issuer_154
ex:coin_41447,ex:person_43,ex:issuer_154
ex:coin_41448,ex:person_39,ex:issuer_154
ex:coin_41449,ex:person_39,ex:issuer_154
ex:coin_41450,ex:person_39,ex:issuer_154
ex:coin_41451,ex:person_39,ex:issuer_154
ex:coin_41452,ex:person_39,ex:issuer_154
ex:coin_41454,ex:person_43,ex:issuer_154
ex:coin_41455,ex:person_39,ex:issuer_154
ex:coin_41457,ex:person_43,ex:issuer_154
ex:coin_41460,ex:person_43,ex:issuer_154
ex:coin_41464,ex:person_43,ex:issuer_154
ex:coin_41466,ex:person_39,ex:issuer_154
ex:coin_41472,ex:person_39,ex:issuer_154
ex:coin_41476,ex:person_43,ex:issuer_154
ex:coin_41477,ex:person_39,ex:issuer_154
ex:coin_41482,ex:person_43,ex:issuer_154
ex:coin_41484,ex:person_43,ex:issuer_154
ex:coin_41485,ex:person_43,ex:issuer_154
ex:coin_41488,ex:person_43,ex:issuer_154
ex:coin_41489,ex:person_43,ex:issuer_154
ex:coin_9158,ex:person_40,ex:issuer_167
ex:coin_3125,ex:person_4,ex:issuer_177
ex:coin_5499,ex:person_57,ex:issuer_177
ex:coin_6871,ex:person_57,ex:issuer_177
ex:coin_8450,ex:person_57,ex:issuer_177
ex:coin_8771,ex:person_33,ex:issuer_177
ex:coin_8827,ex:person_39,ex:issuer_177
ex:coin_8828,ex:person_39,ex:issuer_177
ex:coin_8829,ex:person_39,ex:issuer_177
ex:coin_8830,ex:person_43,ex:issuer_177
ex:coin_8861,ex:person_40,ex:issuer_177
ex:coin_8862,ex:person_40,ex:issuer_177
ex:coin_8863,ex:person_40,ex:issuer_177
ex:coin_8864,ex:person_40,ex:issuer_177
ex:coin_8865,ex:person_40,ex:issuer_177
ex:coin_8866,ex:person_40,ex:issuer_177
ex:coin_8867,ex:person_40,ex:issuer_177
ex:coin_8868,ex:person_40,ex:issuer_177
ex:coin_8869,ex:person_41,ex:issuer_177
ex:coin_8870,ex:person_41,ex:issuer_177
ex:coin_8871,ex:person_41,ex:issuer_177
ex:coin_8872,ex:person_41,ex:issuer_177
ex:coin_8873,ex:person_41,ex:issuer_177
ex:coin_8874,ex:person_41,ex:issuer_177
ex:coin_8875,ex:person_41,ex:issuer_177
ex:coin_8876,ex:person_41,ex:issuer_177
ex:coin_8877,ex:person_41,ex:issuer_177
ex:coin_8878,ex:person_41,ex:issuer_177
ex:coin_8880,ex:person_41,ex:issuer_177
ex:coin_14538,ex:person_42,ex:issuer_177
ex:coin_14460,ex:person_31,ex:issuer_189
ex:coin_14462,ex:person_31,ex:issuer_189
ex:coin_9925,ex:person_186,ex:issuer_216
