s,o,p
ex:coin_16032,ex:issuer_288,nmo:hasIssuer
ex:coin_16032,ex:issuer_77,nmo:hasIssuer
ex:coin_16032,ex:person_134,nmo:hasPortrait
ex:coin_16032,ex:person_153,nmo:hasPortrait
ex:person_134,ex:issuer_77,ex:hasPossibleIssuers
ex:person_153,ex:issuer_52,ex:hasPossibleIssuers
ex:issuer_288,ex:person_4,ex:inPossibleIssuersOf
ex:issuer_288,ex:person_9,ex:inPossibleIssuersOf
ex:issuer_288,ex:person_26,ex:inPossibleIssuersOf
ex:issuer_288,ex:person_135,ex:inPossibleIssuersOf
ex:issuer_288,ex:person_138,ex:inPossibleIssuersOf
ex:issuer_288,ex:person_139,ex:inPossibleIssuersOf
ex:issuer_288,ex:person_141,ex:inPossibleIssuersOf
ex:issuer_288,ex:person_143,ex:inPossibleIssuersOf
ex:issuer_288,ex:person_148,ex:inPossibleIssuersOf
ex:issuer_288,ex:person_149,ex:inPossibleIssuersOf
ex:issuer_288,ex:person_150,ex:inPossibleIssuersOf
ex:issuer_288,ex:person_166,ex:inPossibleIssuersOf
ex:issuer_288,ex:person_167,ex:inPossibleIssuersOf
ex:issuer_288,ex:person_168,ex:inPossibleIssuersOf
ex:issuer_288,ex:person_187,ex:inPossibleIssuersOf
ex:issuer_77,ex:person_11,ex:inPossibleIssuersOf
ex:issuer_77,ex:person_12,ex:inPossibleIssuersOf
ex:issuer_77,ex:person_13,ex:inPossibleIssuersOf
ex:issuer_77,ex:person_132,ex:inPossibleIssuersOf
ex:issuer_77,ex:person_134,ex:inPossibleIssuersOf
ex:issuer_77,ex:person_139,ex:inPossibleIssuersOf
ex:issuer_77,ex:person_151,ex:inPossibleIssuersOf
ex:issuer_77,ex:person_189,ex:inPossibleIssuersOf
ex:coin_5355,ex:issuer_83,nmo:hasIssuer
ex:coin_5355,ex:issuer_88,nmo:hasIssuer
ex:coin_5355,ex:person_15,nmo:hasPortrait
ex:coin_5355,ex:person_17,nmo:hasPortrait
ex:person_15,ex:issuer_83,ex:hasPossibleIssuers
ex:person_17,ex:issuer_83,ex:hasPossibleIssuers
ex:person_17,ex:issuer_88,ex:hasPossibleIssuers
ex:person_17,ex:issuer_269,ex:hasPossibleIssuers
ex:issuer_83,ex:person_11,ex:inPossibleIssuersOf
ex:issuer_83,ex:person_12,ex:inPossibleIssuersOf
ex:issuer_83,ex:person_14,ex:inPossibleIssuersOf
ex:issuer_83,ex:person_15,ex:inPossibleIssuersOf
ex:issuer_83,ex:person_16,ex:inPossibleIssuersOf
ex:issuer_83,ex:person_17,ex:inPossibleIssuersOf
ex:issuer_83,ex:person_135,ex:inPossibleIssuersOf
ex:issuer_88,ex:person_14,ex:inPossibleIssuersOf
ex:issuer_88,ex:person_16,ex:inPossibleIssuersOf
ex:issuer_88,ex:person_17,ex:inPossibleIssuersOf
ex:issuer_88,ex:person_19,ex:inPossibleIssuersOf
ex:issuer_88,ex:person_118,ex:inPossibleIssuersOf
ex:issuer_88,ex:person_126,ex:inPossibleIssuersOf
ex:issuer_88,ex:person_135,ex:inPossibleIssuersOf
ex:issuer_88,ex:person_140,ex:inPossibleIssuersOf
ex:issuer_88,ex:person_141,ex:inPossibleIssuersOf
ex:coin_5366,ex:issuer_83,nmo:hasIssuer
ex:coin_5366,ex:issuer_88,nmo:hasIssuer
ex:coin_5366,ex:person_17,nmo:hasPortrait
ex:coin_5366,ex:person_126,nmo:hasPortrait
ex:person_17,ex:issuer_83,ex:hasPossibleIssuers
ex:person_17,ex:issuer_88,ex:hasPossibleIssuers
ex:person_17,ex:issuer_269,ex:hasPossibleIssuers
ex:person_126,ex:issuer_88,ex:hasPossibleIssuers
ex:issuer_83,ex:person_11,ex:inPossibleIssuersOf
ex:issuer_83,ex:person_12,ex:inPossibleIssuersOf
ex:issuer_83,ex:person_14,ex:inPossibleIssuersOf
ex:issuer_83,ex:person_15,ex:inPossibleIssuersOf
ex:issuer_83,ex:person_16,ex:inPossibleIssuersOf
ex:issuer_83,ex:person_17,ex:inPossibleIssuersOf
ex:issuer_83,ex:person_135,ex:inPossibleIssuersOf
ex:issuer_88,ex:person_14,ex:inPossibleIssuersOf
ex:issuer_88,ex:person_16,ex:inPossibleIssuersOf
ex:issuer_88,ex:person_17,ex:inPossibleIssuersOf
ex:issuer_88,ex:person_19,ex:inPossibleIssuersOf
ex:issuer_88,ex:person_118,ex:inPossibleIssuersOf
ex:issuer_88,ex:person_126,ex:inPossibleIssuersOf
ex:issuer_88,ex:person_135,ex:inPossibleIssuersOf
ex:issuer_88,ex:person_140,ex:inPossibleIssuersOf
ex:issuer_88,ex:person_141,ex:inPossibleIssuersOf
ex:coin_5690,ex:issuer_83,nmo:hasIssuer
ex:coin_5690,ex:issuer_88,nmo:hasIssuer
ex:coin_5690,ex:person_15,nmo:hasPortrait
ex:coin_5690,ex:person_17,nmo:hasPortrait
ex:person_15,ex:issuer_83,ex:hasPossibleIssuers
ex:person_17,ex:issuer_83,ex:hasPossibleIssuers
ex:person_17,ex:issuer_88,ex:hasPossibleIssuers
ex:person_17,ex:issuer_269,ex:hasPossibleIssuers
ex:issuer_83,ex:person_11,ex:inPossibleIssuersOf
ex:issuer_83,ex:person_12,ex:inPossibleIssuersOf
ex:issuer_83,ex:person_14,ex:inPossibleIssuersOf
ex:issuer_83,ex:person_15,ex:inPossibleIssuersOf
ex:issuer_83,ex:person_16,ex:inPossibleIssuersOf
ex:issuer_83,ex:person_17,ex:inPossibleIssuersOf
ex:issuer_83,ex:person_135,ex:inPossibleIssuersOf
ex:issuer_88,ex:person_14,ex:inPossibleIssuersOf
ex:issuer_88,ex:person_16,ex:inPossibleIssuersOf
ex:issuer_88,ex:person_17,ex:inPossibleIssuersOf
ex:issuer_88,ex:person_19,ex:inPossibleIssuersOf
ex:issuer_88,ex:person_118,ex:inPossibleIssuersOf
ex:issuer_88,ex:person_126,ex:inPossibleIssuersOf
ex:issuer_88,ex:person_135,ex:inPossibleIssuersOf
ex:issuer_88,ex:person_140,ex:inPossibleIssuersOf
ex:issuer_88,ex:person_141,ex:inPossibleIssuersOf
ex:coin_5778,ex:issuer_83,nmo:hasIssuer
ex:coin_5778,ex:issuer_88,nmo:hasIssuer
ex:coin_5778,ex:person_15,nmo:hasPortrait
ex:coin_5778,ex:person_17,nmo:hasPortrait
ex:person_15,ex:issuer_83,ex:hasPossibleIssuers
ex:person_17,ex:issuer_83,ex:hasPossibleIssuers
ex:person_17,ex:issuer_88,ex:hasPossibleIssuers
ex:person_17,ex:issuer_269,ex:hasPossibleIssuers
ex:issuer_83,ex:person_11,ex:inPossibleIssuersOf
ex:issuer_83,ex:person_12,ex:inPossibleIssuersOf
ex:issuer_83,ex:person_14,ex:inPossibleIssuersOf
ex:issuer_83,ex:person_15,ex:inPossibleIssuersOf
ex:issuer_83,ex:person_16,ex:inPossibleIssuersOf
ex:issuer_83,ex:person_17,ex:inPossibleIssuersOf
ex:issuer_83,ex:person_135,ex:inPossibleIssuersOf
ex:issuer_88,ex:person_14,ex:inPossibleIssuersOf
ex:issuer_88,ex:person_16,ex:inPossibleIssuersOf
ex:issuer_88,ex:person_17,ex:inPossibleIssuersOf
ex:issuer_88,ex:person_19,ex:inPossibleIssuersOf
ex:issuer_88,ex:person_118,ex:inPossibleIssuersOf
ex:issuer_88,ex:person_126,ex:inPossibleIssuersOf
ex:issuer_88,ex:person_135,ex:inPossibleIssuersOf
ex:issuer_88,ex:person_140,ex:inPossibleIssuersOf
ex:issuer_88,ex:person_141,ex:inPossibleIssuersOf
ex:coin_6251,ex:issuer_83,nmo:hasIssuer
ex:coin_6251,ex:issuer_88,nmo:hasIssuer
ex:coin_6251,ex:person_16,nmo:hasPortrait
ex:coin_6251,ex:person_126,nmo:hasPortrait
ex:person_16,ex:issuer_83,ex:hasPossibleIssuers
ex:person_16,ex:issuer_88,ex:hasPossibleIssuers
ex:person_126,ex:issuer_88,ex:hasPossibleIssuers
ex:issuer_83,ex:person_11,ex:inPossibleIssuersOf
ex:issuer_83,ex:person_12,ex:inPossibleIssuersOf
ex:issuer_83,ex:person_14,ex:inPossibleIssuersOf
ex:issuer_83,ex:person_15,ex:inPossibleIssuersOf
ex:issuer_83,ex:person_16,ex:inPossibleIssuersOf
ex:issuer_83,ex:person_17,ex:inPossibleIssuersOf
ex:issuer_83,ex:person_135,ex:inPossibleIssuersOf
ex:issuer_88,ex:person_14,ex:inPossibleIssuersOf
ex:issuer_88,ex:person_16,ex:inPossibleIssuersOf
ex:issuer_88,ex:person_17,ex:inPossibleIssuersOf
ex:issuer_88,ex:person_19,ex:inPossibleIssuersOf
ex:issuer_88,ex:person_118,ex:inPossibleIssuersOf
ex:issuer_88,ex:person_126,ex:inPossibleIssuersOf
ex:issuer_88,ex:person_135,ex:inPossibleIssuersOf
ex:issuer_88,ex:person_140,ex:inPossibleIssuersOf
ex:issuer_88,ex:person_141,ex:inPossibleIssuersOf
ex:coin_6622,ex:issuer_83,nmo:hasIssuer
ex:coin_6622,ex:issuer_88,nmo:hasIssuer
ex:coin_6622,ex:person_15,nmo:hasPortrait
ex:coin_6622,ex:person_17,nmo:hasPortrait
ex:person_15,ex:issuer_83,ex:hasPossibleIssuers
ex:person_17,ex:issuer_83,ex:hasPossibleIssuers
ex:person_17,ex:issuer_88,ex:hasPossibleIssuers
ex:person_17,ex:issuer_269,ex:hasPossibleIssuers
ex:issuer_83,ex:person_11,ex:inPossibleIssuersOf
ex:issuer_83,ex:person_12,ex:inPossibleIssuersOf
ex:issuer_83,ex:person_14,ex:inPossibleIssuersOf
ex:issuer_83,ex:person_15,ex:inPossibleIssuersOf
ex:issuer_83,ex:person_16,ex:inPossibleIssuersOf
ex:issuer_83,ex:person_17,ex:inPossibleIssuersOf
ex:issuer_83,ex:person_135,ex:inPossibleIssuersOf
ex:issuer_88,ex:person_14,ex:inPossibleIssuersOf
ex:issuer_88,ex:person_16,ex:inPossibleIssuersOf
ex:issuer_88,ex:person_17,ex:inPossibleIssuersOf
ex:issuer_88,ex:person_19,ex:inPossibleIssuersOf
ex:issuer_88,ex:person_118,ex:inPossibleIssuersOf
ex:issuer_88,ex:person_126,ex:inPossibleIssuersOf
ex:issuer_88,ex:person_135,ex:inPossibleIssuersOf
ex:issuer_88,ex:person_140,ex:inPossibleIssuersOf
ex:issuer_88,ex:person_141,ex:inPossibleIssuersOf
ex:coin_6778,ex:issuer_83,nmo:hasIssuer
ex:coin_6778,ex:issuer_88,nmo:hasIssuer
ex:coin_6778,ex:person_15,nmo:hasPortrait
ex:coin_6778,ex:person_17,nmo:hasPortrait
ex:person_15,ex:issuer_83,ex:hasPossibleIssuers
ex:person_17,ex:issuer_83,ex:hasPossibleIssuers
ex:person_17,ex:issuer_88,ex:hasPossibleIssuers
ex:person_17,ex:issuer_269,ex:hasPossibleIssuers
ex:issuer_83,ex:person_11,ex:inPossibleIssuersOf
ex:issuer_83,ex:person_12,ex:inPossibleIssuersOf
ex:issuer_83,ex:person_14,ex:inPossibleIssuersOf
ex:issuer_83,ex:person_15,ex:inPossibleIssuersOf
ex:issuer_83,ex:person_16,ex:inPossibleIssuersOf
ex:issuer_83,ex:person_17,ex:inPossibleIssuersOf
ex:issuer_83,ex:person_135,ex:inPossibleIssuersOf
ex:issuer_88,ex:person_14,ex:inPossibleIssuersOf
ex:issuer_88,ex:person_16,ex:inPossibleIssuersOf
ex:issuer_88,ex:person_17,ex:inPossibleIssuersOf
ex:issuer_88,ex:person_19,ex:inPossibleIssuersOf
ex:issuer_88,ex:person_118,ex:inPossibleIssuersOf
ex:issuer_88,ex:person_126,ex:inPossibleIssuersOf
ex:issuer_88,ex:person_135,ex:inPossibleIssuersOf
ex:issuer_88,ex:person_140,ex:inPossibleIssuersOf
ex:issuer_88,ex:person_141,ex:inPossibleIssuersOf
ex:coin_6835,ex:issuer_83,nmo:hasIssuer
ex:coin_6835,ex:issuer_88,nmo:hasIssuer
ex:coin_6835,ex:person_15,nmo:hasPortrait
ex:coin_6835,ex:person_17,nmo:hasPortrait
ex:person_15,ex:issuer_83,ex:hasPossibleIssuers
ex:person_17,ex:issuer_83,ex:hasPossibleIssuers
ex:person_17,ex:issuer_88,ex:hasPossibleIssuers
ex:person_17,ex:issuer_269,ex:hasPossibleIssuers
ex:issuer_83,ex:person_11,ex:inPossibleIssuersOf
ex:issuer_83,ex:person_12,ex:inPossibleIssuersOf
ex:issuer_83,ex:person_14,ex:inPossibleIssuersOf
ex:issuer_83,ex:person_15,ex:inPossibleIssuersOf
ex:issuer_83,ex:person_16,ex:inPossibleIssuersOf
ex:issuer_83,ex:person_17,ex:inPossibleIssuersOf
ex:issuer_83,ex:person_135,ex:inPossibleIssuersOf
ex:issuer_88,ex:person_14,ex:inPossibleIssuersOf
ex:issuer_88,ex:person_16,ex:inPossibleIssuersOf
ex:issuer_88,ex:person_17,ex:inPossibleIssuersOf
ex:issuer_88,ex:person_19,ex:inPossibleIssuersOf
ex:issuer_88,ex:person_118,ex:inPossibleIssuersOf
ex:issuer_88,ex:person_126,ex:inPossibleIssuersOf
ex:issuer_88,ex:person_135,ex:inPossibleIssuersOf
ex:issuer_88,ex:person_140,ex:inPossibleIssuersOf
ex:issuer_88,ex:person_141,ex:inPossibleIssuersOf
ex:coin_7493,ex:issuer_83,nmo:hasIssuer
ex:coin_7493,ex:issuer_88,nmo:hasIssuer
ex:coin_7493,ex:person_15,nmo:hasPortrait
ex:coin_7493,ex:person_17,nmo:hasPortrait
ex:person_15,ex:issuer_83,ex:hasPossibleIssuers
ex:person_17,ex:issuer_83,ex:hasPossibleIssuers
ex:person_17,ex:issuer_88,ex:hasPossibleIssuers
ex:person_17,ex:issuer_269,ex:hasPossibleIssuers
ex:issuer_83,ex:person_11,ex:inPossibleIssuersOf
ex:issuer_83,ex:person_12,ex:inPossibleIssuersOf
ex:issuer_83,ex:person_14,ex:inPossibleIssuersOf
ex:issuer_83,ex:person_15,ex:inPossibleIssuersOf
ex:issuer_83,ex:person_16,ex:inPossibleIssuersOf
ex:issuer_83,ex:person_17,ex:inPossibleIssuersOf
ex:issuer_83,ex:person_135,ex:inPossibleIssuersOf
ex:issuer_88,ex:person_14,ex:inPossibleIssuersOf
ex:issuer_88,ex:person_16,ex:inPossibleIssuersOf
ex:issuer_88,ex:person_17,ex:inPossibleIssuersOf
ex:issuer_88,ex:person_19,ex:inPossibleIssuersOf
ex:issuer_88,ex:person_118,ex:inPossibleIssuersOf
ex:issuer_88,ex:person_126,ex:inPossibleIssuersOf
ex:issuer_88,ex:person_135,ex:inPossibleIssuersOf
ex:issuer_88,ex:person_140,ex:inPossibleIssuersOf
ex:issuer_88,ex:person_141,ex:inPossibleIssuersOf
ex:coin_7530,ex:issuer_83,nmo:hasIssuer
ex:coin_7530,ex:issuer_88,nmo:hasIssuer
ex:coin_7530,ex:person_15,nmo:hasPortrait
ex:coin_7530,ex:person_17,nmo:hasPortrait
ex:person_15,ex:issuer_83,ex:hasPossibleIssuers
ex:person_17,ex:issuer_83,ex:hasPossibleIssuers
ex:person_17,ex:issuer_88,ex:hasPossibleIssuers
ex:person_17,ex:issuer_269,ex:hasPossibleIssuers
ex:issuer_83,ex:person_11,ex:inPossibleIssuersOf
ex:issuer_83,ex:person_12,ex:inPossibleIssuersOf
ex:issuer_83,ex:person_14,ex:inPossibleIssuersOf
ex:issuer_83,ex:person_15,ex:inPossibleIssuersOf
ex:issuer_83,ex:person_16,ex:inPossibleIssuersOf
ex:issuer_83,ex:person_17,ex:inPossibleIssuersOf
ex:issuer_83,ex:person_135,ex:inPossibleIssuersOf
ex:issuer_88,ex:person_14,ex:inPossibleIssuersOf
ex:issuer_88,ex:person_16,ex:inPossibleIssuersOf
ex:issuer_88,ex:person_17,ex:inPossibleIssuersOf
ex:issuer_88,ex:person_19,ex:inPossibleIssuersOf
ex:issuer_88,ex:person_118,ex:inPossibleIssuersOf
ex:issuer_88,ex:person_126,ex:inPossibleIssuersOf
ex:issuer_88,ex:person_135,ex:inPossibleIssuersOf
ex:issuer_88,ex:person_140,ex:inPossibleIssuersOf
ex:issuer_88,ex:person_141,ex:inPossibleIssuersOf
ex:coin_7531,ex:issuer_83,nmo:hasIssuer
ex:coin_7531,ex:issuer_88,nmo:hasIssuer
ex:coin_7531,ex:person_15,nmo:hasPortrait
ex:coin_7531,ex:person_17,nmo:hasPortrait
ex:person_15,ex:issuer_83,ex:hasPossibleIssuers
ex:person_17,ex:issuer_83,ex:hasPossibleIssuers
ex:person_17,ex:issuer_88,ex:hasPossibleIssuers
ex:person_17,ex:issuer_269,ex:hasPossibleIssuers
ex:issuer_83,ex:person_11,ex:inPossibleIssuersOf
ex:issuer_83,ex:person_12,ex:inPossibleIssuersOf
ex:issuer_83,ex:person_14,ex:inPossibleIssuersOf
ex:issuer_83,ex:person_15,ex:inPossibleIssuersOf
ex:issuer_83,ex:person_16,ex:inPossibleIssuersOf
ex:issuer_83,ex:person_17,ex:inPossibleIssuersOf
ex:issuer_83,ex:person_135,ex:inPossibleIssuersOf
ex:issuer_88,ex:person_14,ex:inPossibleIssuersOf
ex:issuer_88,ex:person_16,ex:inPossibleIssuersOf
ex:issuer_88,ex:person_17,ex:inPossibleIssuersOf
ex:issuer_88,ex:person_19,ex:inPossibleIssuersOf
ex:issuer_88,ex:person_118,ex:inPossibleIssuersOf
ex:issuer_88,ex:person_126,ex:inPossibleIssuersOf
ex:issuer_88,ex:person_135,ex:inPossibleIssuersOf
ex:issuer_88,ex:person_140,ex:inPossibleIssuersOf
ex:issuer_88,ex:person_141,ex:inPossibleIssuersOf
ex:coin_8354,ex:issuer_83,nmo:hasIssuer
ex:coin_8354,ex:issuer_88,nmo:hasIssuer
ex:coin_8354,ex:person_15,nmo:hasPortrait
ex:coin_8354,ex:person_17,nmo:hasPortrait
ex:person_15,ex:issuer_83,ex:hasPossibleIssuers
ex:person_17,ex:issuer_83,ex:hasPossibleIssuers
ex:person_17,ex:issuer_88,ex:hasPossibleIssuers
ex:person_17,ex:issuer_269,ex:hasPossibleIssuers
ex:issuer_83,ex:person_11,ex:inPossibleIssuersOf
ex:issuer_83,ex:person_12,ex:inPossibleIssuersOf
ex:issuer_83,ex:person_14,ex:inPossibleIssuersOf
ex:issuer_83,ex:person_15,ex:inPossibleIssuersOf
ex:issuer_83,ex:person_16,ex:inPossibleIssuersOf
ex:issuer_83,ex:person_17,ex:inPossibleIssuersOf
ex:issuer_83,ex:person_135,ex:inPossibleIssuersOf
ex:issuer_88,ex:person_14,ex:inPossibleIssuersOf
ex:issuer_88,ex:person_16,ex:inPossibleIssuersOf
ex:issuer_88,ex:person_17,ex:inPossibleIssuersOf
ex:issuer_88,ex:person_19,ex:inPossibleIssuersOf
ex:issuer_88,ex:person_118,ex:inPossibleIssuersOf
ex:issuer_88,ex:person_126,ex:inPossibleIssuersOf
ex:issuer_88,ex:person_135,ex:inPossibleIssuersOf
ex:issuer_88,ex:person_140,ex:inPossibleIssuersOf
ex:issuer_88,ex:person_141,ex:inPossibleIssuersOf
ex:coin_8560,ex:issuer_83,nmo:hasIssuer
ex:coin_8560,ex:issuer_88,nmo:hasIssuer
ex:coin_8560,ex:person_15,nmo:hasPortrait
ex:coin_8560,ex:person_17,nmo:hasPortrait
ex:person_15,ex:issuer_83,ex:hasPossibleIssuers
ex:person_17,ex:issuer_83,ex:hasPossibleIssuers
ex:person_17,ex:issuer_88,ex:hasPossibleIssuers
ex:person_17,ex:issuer_269,ex:hasPossibleIssuers
ex:issuer_83,ex:person_11,ex:inPossibleIssuersOf
ex:issuer_83,ex:person_12,ex:inPossibleIssuersOf
ex:issuer_83,ex:person_14,ex:inPossibleIssuersOf
ex:issuer_83,ex:person_15,ex:inPossibleIssuersOf
ex:issuer_83,ex:person_16,ex:inPossibleIssuersOf
ex:issuer_83,ex:person_17,ex:inPossibleIssuersOf
ex:issuer_83,ex:person_135,ex:inPossibleIssuersOf
ex:issuer_88,ex:person_14,ex:inPossibleIssuersOf
ex:issuer_88,ex:person_16,ex:inPossibleIssuersOf
ex:issuer_88,ex:person_17,ex:inPossibleIssuersOf
ex:issuer_88,ex:person_19,ex:inPossibleIssuersOf
ex:issuer_88,ex:person_118,ex:inPossibleIssuersOf
ex:issuer_88,ex:person_126,ex:inPossibleIssuersOf
ex:issuer_88,ex:person_135,ex:inPossibleIssuersOf
ex:issuer_88,ex:person_140,ex:inPossibleIssuersOf
ex:issuer_88,ex:person_141,ex:inPossibleIssuersOf
ex:coin_8605,ex:issuer_83,nmo:hasIssuer
ex:coin_8605,ex:issuer_88,nmo:hasIssuer
ex:coin_8605,ex:person_15,nmo:hasPortrait
ex:coin_8605,ex:person_17,nmo:hasPortrait
ex:person_15,ex:issuer_83,ex:hasPossibleIssuers
ex:person_17,ex:issuer_83,ex:hasPossibleIssuers
ex:person_17,ex:issuer_88,ex:hasPossibleIssuers
ex:person_17,ex:issuer_269,ex:hasPossibleIssuers
ex:issuer_83,ex:person_11,ex:inPossibleIssuersOf
ex:issuer_83,ex:person_12,ex:inPossibleIssuersOf
ex:issuer_83,ex:person_14,ex:inPossibleIssuersOf
ex:issuer_83,ex:person_15,ex:inPossibleIssuersOf
ex:issuer_83,ex:person_16,ex:inPossibleIssuersOf
ex:issuer_83,ex:person_17,ex:inPossibleIssuersOf
ex:issuer_83,ex:person_135,ex:inPossibleIssuersOf
ex:issuer_88,ex:person_14,ex:inPossibleIssuersOf
ex:issuer_88,ex:person_16,ex:inPossibleIssuersOf
ex:issuer_88,ex:person_17,ex:inPossibleIssuersOf
ex:issuer_88,ex:person_19,ex:inPossibleIssuersOf
ex:issuer_88,ex:person_118,ex:inPossibleIssuersOf
ex:issuer_88,ex:person_126,ex:inPossibleIssuersOf
ex:issuer_88,ex:person_135,ex:inPossibleIssuersOf
ex:issuer_88,ex:person_140,ex:inPossibleIssuersOf
ex:issuer_88,ex:person_141,ex:inPossibleIssuersOf
ex:coin_8625,ex:issuer_83,nmo:hasIssuer
ex:coin_8625,ex:issuer_88,nmo:hasIssuer
ex:coin_8625,ex:person_15,nmo:hasPortrait
ex:coin_8625,ex:person_17,nmo:hasPortrait
ex:person_15,ex:issuer_83,ex:hasPossibleIssuers
ex:person_17,ex:issuer_83,ex:hasPossibleIssuers
ex:person_17,ex:issuer_88,ex:hasPossibleIssuers
ex:person_17,ex:issuer_269,ex:hasPossibleIssuers
ex:issuer_83,ex:person_11,ex:inPossibleIssuersOf
ex:issuer_83,ex:person_12,ex:inPossibleIssuersOf
ex:issuer_83,ex:person_14,ex:inPossibleIssuersOf
ex:issuer_83,ex:person_15,ex:inPossibleIssuersOf
ex:issuer_83,ex:person_16,ex:inPossibleIssuersOf
ex:issuer_83,ex:person_17,ex:inPossibleIssuersOf
ex:issuer_83,ex:person_135,ex:inPossibleIssuersOf
ex:issuer_88,ex:person_14,ex:inPossibleIssuersOf
ex:issuer_88,ex:person_16,ex:inPossibleIssuersOf
ex:issuer_88,ex:person_17,ex:inPossibleIssuersOf
ex:issuer_88,ex:person_19,ex:inPossibleIssuersOf
ex:issuer_88,ex:person_118,ex:inPossibleIssuersOf
ex:issuer_88,ex:person_126,ex:inPossibleIssuersOf
ex:issuer_88,ex:person_135,ex:inPossibleIssuersOf
ex:issuer_88,ex:person_140,ex:inPossibleIssuersOf
ex:issuer_88,ex:person_141,ex:inPossibleIssuersOf
ex:coin_9039,ex:issuer_83,nmo:hasIssuer
ex:coin_9039,ex:issuer_88,nmo:hasIssuer
ex:coin_9039,ex:person_15,nmo:hasPortrait
ex:coin_9039,ex:person_17,nmo:hasPortrait
ex:person_15,ex:issuer_83,ex:hasPossibleIssuers
ex:person_17,ex:issuer_83,ex:hasPossibleIssuers
ex:person_17,ex:issuer_88,ex:hasPossibleIssuers
ex:person_17,ex:issuer_269,ex:hasPossibleIssuers
ex:issuer_83,ex:person_11,ex:inPossibleIssuersOf
ex:issuer_83,ex:person_12,ex:inPossibleIssuersOf
ex:issuer_83,ex:person_14,ex:inPossibleIssuersOf
ex:issuer_83,ex:person_15,ex:inPossibleIssuersOf
ex:issuer_83,ex:person_16,ex:inPossibleIssuersOf
ex:issuer_83,ex:person_17,ex:inPossibleIssuersOf
ex:issuer_83,ex:person_135,ex:inPossibleIssuersOf
ex:issuer_88,ex:person_14,ex:inPossibleIssuersOf
ex:issuer_88,ex:person_16,ex:inPossibleIssuersOf
ex:issuer_88,ex:person_17,ex:inPossibleIssuersOf
ex:issuer_88,ex:person_19,ex:inPossibleIssuersOf
ex:issuer_88,ex:person_118,ex:inPossibleIssuersOf
ex:issuer_88,ex:person_126,ex:inPossibleIssuersOf
ex:issuer_88,ex:person_135,ex:inPossibleIssuersOf
ex:issuer_88,ex:person_140,ex:inPossibleIssuersOf
ex:issuer_88,ex:person_141,ex:inPossibleIssuersOf
ex:coin_9808,ex:issuer_83,nmo:hasIssuer
ex:coin_9808,ex:issuer_88,nmo:hasIssuer
ex:coin_9808,ex:person_17,nmo:hasPortrait
ex:coin_9808,ex:person_126,nmo:hasPortrait
ex:person_17,ex:issuer_83,ex:hasPossibleIssuers
ex:person_17,ex:issuer_88,ex:hasPossibleIssuers
ex:person_17,ex:issuer_269,ex:hasPossibleIssuers
ex:person_126,ex:issuer_88,ex:hasPossibleIssuers
ex:issuer_83,ex:person_11,ex:inPossibleIssuersOf
ex:issuer_83,ex:person_12,ex:inPossibleIssuersOf
ex:issuer_83,ex:person_14,ex:inPossibleIssuersOf
ex:issuer_83,ex:person_15,ex:inPossibleIssuersOf
ex:issuer_83,ex:person_16,ex:inPossibleIssuersOf
ex:issuer_83,ex:person_17,ex:inPossibleIssuersOf
ex:issuer_83,ex:person_135,ex:inPossibleIssuersOf
ex:issuer_88,ex:person_14,ex:inPossibleIssuersOf
ex:issuer_88,ex:person_16,ex:inPossibleIssuersOf
ex:issuer_88,ex:person_17,ex:inPossibleIssuersOf
ex:issuer_88,ex:person_19,ex:inPossibleIssuersOf
ex:issuer_88,ex:person_118,ex:inPossibleIssuersOf
ex:issuer_88,ex:person_126,ex:inPossibleIssuersOf
ex:issuer_88,ex:person_135,ex:inPossibleIssuersOf
ex:issuer_88,ex:person_140,ex:inPossibleIssuersOf
ex:issuer_88,ex:person_141,ex:inPossibleIssuersOf
ex:coin_9856,ex:issuer_83,nmo:hasIssuer
ex:coin_9856,ex:issuer_88,nmo:hasIssuer
ex:coin_9856,ex:person_17,nmo:hasPortrait
ex:coin_9856,ex:person_126,nmo:hasPortrait
ex:person_17,ex:issuer_83,ex:hasPossibleIssuers
ex:person_17,ex:issuer_88,ex:hasPossibleIssuers
ex:person_17,ex:issuer_269,ex:hasPossibleIssuers
ex:person_126,ex:issuer_88,ex:hasPossibleIssuers
ex:issuer_83,ex:person_11,ex:inPossibleIssuersOf
ex:issuer_83,ex:person_12,ex:inPossibleIssuersOf
ex:issuer_83,ex:person_14,ex:inPossibleIssuersOf
ex:issuer_83,ex:person_15,ex:inPossibleIssuersOf
ex:issuer_83,ex:person_16,ex:inPossibleIssuersOf
ex:issuer_83,ex:person_17,ex:inPossibleIssuersOf
ex:issuer_83,ex:person_135,ex:inPossibleIssuersOf
ex:issuer_88,ex:person_14,ex:inPossibleIssuersOf
ex:issuer_88,ex:person_16,ex:inPossibleIssuersOf
ex:issuer_88,ex:person_17,ex:inPossibleIssuersOf
ex:issuer_88,ex:person_19,ex:inPossibleIssuersOf
ex:issuer_88,ex:person_118,ex:inPossibleIssuersOf
ex:issuer_88,ex:person_126,ex:inPossibleIssuersOf
ex:issuer_88,ex:person_135,ex:inPossibleIssuersOf
ex:issuer_88,ex:person_140,ex:inPossibleIssuersOf
ex:issuer_88,ex:person_141,ex:inPossibleIssuersOf
ex:coin_11502,ex:issuer_83,nmo:hasIssuer
ex:coin_11502,ex:issuer_88,nmo:hasIssuer
ex:coin_11502,ex:person_15,nmo:hasPortrait
ex:coin_11502,ex:person_17,nmo:hasPortrait
ex:person_15,ex:issuer_83,ex:hasPossibleIssuers
ex:person_17,ex:issuer_83,ex:hasPossibleIssuers
ex:person_17,ex:issuer_88,ex:hasPossibleIssuers
ex:person_17,ex:issuer_269,ex:hasPossibleIssuers
ex:issuer_83,ex:person_11,ex:inPossibleIssuersOf
ex:issuer_83,ex:person_12,ex:inPossibleIssuersOf
ex:issuer_83,ex:person_14,ex:inPossibleIssuersOf
ex:issuer_83,ex:person_15,ex:inPossibleIssuersOf
ex:issuer_83,ex:person_16,ex:inPossibleIssuersOf
ex:issuer_83,ex:person_17,ex:inPossibleIssuersOf
ex:issuer_83,ex:person_135,ex:inPossibleIssuersOf
ex:issuer_88,ex:person_14,ex:inPossibleIssuersOf
ex:issuer_88,ex:person_16,ex:inPossibleIssuersOf
ex:issuer_88,ex:person_17,ex:inPossibleIssuersOf
ex:issuer_88,ex:person_19,ex:inPossibleIssuersOf
ex:issuer_88,ex:person_118,ex:inPossibleIssuersOf
ex:issuer_88,ex:person_126,ex:inPossibleIssuersOf
ex:issuer_88,ex:person_135,ex:inPossibleIssuersOf
ex:issuer_88,ex:person_140,ex:inPossibleIssuersOf
ex:issuer_88,ex:person_141,ex:inPossibleIssuersOf
ex:coin_11880,ex:issuer_83,nmo:hasIssuer
ex:coin_11880,ex:issuer_88,nmo:hasIssuer
ex:coin_11880,ex:person_15,nmo:hasPortrait
ex:coin_11880,ex:person_17,nmo:hasPortrait
ex:person_15,ex:issuer_83,ex:hasPossibleIssuers
ex:person_17,ex:issuer_83,ex:hasPossibleIssuers
ex:person_17,ex:issuer_88,ex:hasPossibleIssuers
ex:person_17,ex:issuer_269,ex:hasPossibleIssuers
ex:issuer_83,ex:person_11,ex:inPossibleIssuersOf
ex:issuer_83,ex:person_12,ex:inPossibleIssuersOf
ex:issuer_83,ex:person_14,ex:inPossibleIssuersOf
ex:issuer_83,ex:person_15,ex:inPossibleIssuersOf
ex:issuer_83,ex:person_16,ex:inPossibleIssuersOf
ex:issuer_83,ex:person_17,ex:inPossibleIssuersOf
ex:issuer_83,ex:person_135,ex:inPossibleIssuersOf
ex:issuer_88,ex:person_14,ex:inPossibleIssuersOf
ex:issuer_88,ex:person_16,ex:inPossibleIssuersOf
ex:issuer_88,ex:person_17,ex:inPossibleIssuersOf
ex:issuer_88,ex:person_19,ex:inPossibleIssuersOf
ex:issuer_88,ex:person_118,ex:inPossibleIssuersOf
ex:issuer_88,ex:person_126,ex:inPossibleIssuersOf
ex:issuer_88,ex:person_135,ex:inPossibleIssuersOf
ex:issuer_88,ex:person_140,ex:inPossibleIssuersOf
ex:issuer_88,ex:person_141,ex:inPossibleIssuersOf
ex:coin_12098,ex:issuer_83,nmo:hasIssuer
ex:coin_12098,ex:issuer_88,nmo:hasIssuer
ex:coin_12098,ex:person_15,nmo:hasPortrait
ex:coin_12098,ex:person_17,nmo:hasPortrait
ex:person_15,ex:issuer_83,ex:hasPossibleIssuers
ex:person_17,ex:issuer_83,ex:hasPossibleIssuers
ex:person_17,ex:issuer_88,ex:hasPossibleIssuers
ex:person_17,ex:issuer_269,ex:hasPossibleIssuers
ex:issuer_83,ex:person_11,ex:inPossibleIssuersOf
ex:issuer_83,ex:person_12,ex:inPossibleIssuersOf
ex:issuer_83,ex:person_14,ex:inPossibleIssuersOf
ex:issuer_83,ex:person_15,ex:inPossibleIssuersOf
ex:issuer_83,ex:person_16,ex:inPossibleIssuersOf
ex:issuer_83,ex:person_17,ex:inPossibleIssuersOf
ex:issuer_83,ex:person_135,ex:inPossibleIssuersOf
ex:issuer_88,ex:person_14,ex:inPossibleIssuersOf
ex:issuer_88,ex:person_16,ex:inPossibleIssuersOf
ex:issuer_88,ex:person_17,ex:inPossibleIssuersOf
ex:issuer_88,ex:person_19,ex:inPossibleIssuersOf
ex:issuer_88,ex:person_118,ex:inPossibleIssuersOf
ex:issuer_88,ex:person_126,ex:inPossibleIssuersOf
ex:issuer_88,ex:person_135,ex:inPossibleIssuersOf
ex:issuer_88,ex:person_140,ex:inPossibleIssuersOf
ex:issuer_88,ex:person_141,ex:inPossibleIssuersOf
ex:coin_12642,ex:issuer_83,nmo:hasIssuer
ex:coin_12642,ex:issuer_88,nmo:hasIssuer
ex:coin_12642,ex:person_17,nmo:hasPortrait
ex:coin_12642,ex:person_16,nmo:hasPortrait
ex:person_17,ex:issuer_83,ex:hasPossibleIssuers
ex:person_17,ex:issuer_88,ex:hasPossibleIssuers
ex:person_17,ex:issuer_269,ex:hasPossibleIssuers
ex:person_16,ex:issuer_83,ex:hasPossibleIssuers
ex:person_16,ex:issuer_88,ex:hasPossibleIssuers
ex:issuer_83,ex:person_11,ex:inPossibleIssuersOf
ex:issuer_83,ex:person_12,ex:inPossibleIssuersOf
ex:issuer_83,ex:person_14,ex:inPossibleIssuersOf
ex:issuer_83,ex:person_15,ex:inPossibleIssuersOf
ex:issuer_83,ex:person_16,ex:inPossibleIssuersOf
ex:issuer_83,ex:person_17,ex:inPossibleIssuersOf
ex:issuer_83,ex:person_135,ex:inPossibleIssuersOf
ex:issuer_88,ex:person_14,ex:inPossibleIssuersOf
ex:issuer_88,ex:person_16,ex:inPossibleIssuersOf
ex:issuer_88,ex:person_17,ex:inPossibleIssuersOf
ex:issuer_88,ex:person_19,ex:inPossibleIssuersOf
ex:issuer_88,ex:person_118,ex:inPossibleIssuersOf
ex:issuer_88,ex:person_126,ex:inPossibleIssuersOf
ex:issuer_88,ex:person_135,ex:inPossibleIssuersOf
ex:issuer_88,ex:person_140,ex:inPossibleIssuersOf
ex:issuer_88,ex:person_141,ex:inPossibleIssuersOf
ex:coin_12643,ex:issuer_83,nmo:hasIssuer
ex:coin_12643,ex:issuer_88,nmo:hasIssuer
ex:coin_12643,ex:person_17,nmo:hasPortrait
ex:coin_12643,ex:person_16,nmo:hasPortrait
ex:person_17,ex:issuer_83,ex:hasPossibleIssuers
ex:person_17,ex:issuer_88,ex:hasPossibleIssuers
ex:person_17,ex:issuer_269,ex:hasPossibleIssuers
ex:person_16,ex:issuer_83,ex:hasPossibleIssuers
ex:person_16,ex:issuer_88,ex:hasPossibleIssuers
ex:issuer_83,ex:person_11,ex:inPossibleIssuersOf
ex:issuer_83,ex:person_12,ex:inPossibleIssuersOf
ex:issuer_83,ex:person_14,ex:inPossibleIssuersOf
ex:issuer_83,ex:person_15,ex:inPossibleIssuersOf
ex:issuer_83,ex:person_16,ex:inPossibleIssuersOf
ex:issuer_83,ex:person_17,ex:inPossibleIssuersOf
ex:issuer_83,ex:person_135,ex:inPossibleIssuersOf
ex:issuer_88,ex:person_14,ex:inPossibleIssuersOf
ex:issuer_88,ex:person_16,ex:inPossibleIssuersOf
ex:issuer_88,ex:person_17,ex:inPossibleIssuersOf
ex:issuer_88,ex:person_19,ex:inPossibleIssuersOf
ex:issuer_88,ex:person_118,ex:inPossibleIssuersOf
ex:issuer_88,ex:person_126,ex:inPossibleIssuersOf
ex:issuer_88,ex:person_135,ex:inPossibleIssuersOf
ex:issuer_88,ex:person_140,ex:inPossibleIssuersOf
ex:issuer_88,ex:person_141,ex:inPossibleIssuersOf
ex:coin_12644,ex:issuer_83,nmo:hasIssuer
ex:coin_12644,ex:issuer_88,nmo:hasIssuer
ex:coin_12644,ex:person_17,nmo:hasPortrait
ex:coin_12644,ex:person_16,nmo:hasPortrait
ex:person_17,ex:issuer_83,ex:hasPossibleIssuers
ex:person_17,ex:issuer_88,ex:hasPossibleIssuers
ex:person_17,ex:issuer_269,ex:hasPossibleIssuers
ex:person_16,ex:issuer_83,ex:hasPossibleIssuers
ex:person_16,ex:issuer_88,ex:hasPossibleIssuers
ex:issuer_83,ex:person_11,ex:inPossibleIssuersOf
ex:issuer_83,ex:person_12,ex:inPossibleIssuersOf
ex:issuer_83,ex:person_14,ex:inPossibleIssuersOf
ex:issuer_83,ex:person_15,ex:inPossibleIssuersOf
ex:issuer_83,ex:person_16,ex:inPossibleIssuersOf
ex:issuer_83,ex:person_17,ex:inPossibleIssuersOf
ex:issuer_83,ex:person_135,ex:inPossibleIssuersOf
ex:issuer_88,ex:person_14,ex:inPossibleIssuersOf
ex:issuer_88,ex:person_16,ex:inPossibleIssuersOf
ex:issuer_88,ex:person_17,ex:inPossibleIssuersOf
ex:issuer_88,ex:person_19,ex:inPossibleIssuersOf
ex:issuer_88,ex:person_118,ex:inPossibleIssuersOf
ex:issuer_88,ex:person_126,ex:inPossibleIssuersOf
ex:issuer_88,ex:person_135,ex:inPossibleIssuersOf
ex:issuer_88,ex:person_140,ex:inPossibleIssuersOf
ex:issuer_88,ex:person_141,ex:inPossibleIssuersOf
ex:coin_12645,ex:issuer_83,nmo:hasIssuer
ex:coin_12645,ex:issuer_88,nmo:hasIssuer
ex:coin_12645,ex:person_17,nmo:hasPortrait
ex:coin_12645,ex:person_16,nmo:hasPortrait
ex:person_17,ex:issuer_83,ex:hasPossibleIssuers
ex:person_17,ex:issuer_88,ex:hasPossibleIssuers
ex:person_17,ex:issuer_269,ex:hasPossibleIssuers
ex:person_16,ex:issuer_83,ex:hasPossibleIssuers
ex:person_16,ex:issuer_88,ex:hasPossibleIssuers
ex:issuer_83,ex:person_11,ex:inPossibleIssuersOf
ex:issuer_83,ex:person_12,ex:inPossibleIssuersOf
ex:issuer_83,ex:person_14,ex:inPossibleIssuersOf
ex:issuer_83,ex:person_15,ex:inPossibleIssuersOf
ex:issuer_83,ex:person_16,ex:inPossibleIssuersOf
ex:issuer_83,ex:person_17,ex:inPossibleIssuersOf
ex:issuer_83,ex:person_135,ex:inPossibleIssuersOf
ex:issuer_88,ex:person_14,ex:inPossibleIssuersOf
ex:issuer_88,ex:person_16,ex:inPossibleIssuersOf
ex:issuer_88,ex:person_17,ex:inPossibleIssuersOf
ex:issuer_88,ex:person_19,ex:inPossibleIssuersOf
ex:issuer_88,ex:person_118,ex:inPossibleIssuersOf
ex:issuer_88,ex:person_126,ex:inPossibleIssuersOf
ex:issuer_88,ex:person_135,ex:inPossibleIssuersOf
ex:issuer_88,ex:person_140,ex:inPossibleIssuersOf
ex:issuer_88,ex:person_141,ex:inPossibleIssuersOf
ex:coin_13023,ex:issuer_83,nmo:hasIssuer
ex:coin_13023,ex:issuer_88,nmo:hasIssuer
ex:coin_13023,ex:person_17,nmo:hasPortrait
ex:coin_13023,ex:person_126,nmo:hasPortrait
ex:person_17,ex:issuer_83,ex:hasPossibleIssuers
ex:person_17,ex:issuer_88,ex:hasPossibleIssuers
ex:person_17,ex:issuer_269,ex:hasPossibleIssuers
ex:person_126,ex:issuer_88,ex:hasPossibleIssuers
ex:issuer_83,ex:person_11,ex:inPossibleIssuersOf
ex:issuer_83,ex:person_12,ex:inPossibleIssuersOf
ex:issuer_83,ex:person_14,ex:inPossibleIssuersOf
ex:issuer_83,ex:person_15,ex:inPossibleIssuersOf
ex:issuer_83,ex:person_16,ex:inPossibleIssuersOf
ex:issuer_83,ex:person_17,ex:inPossibleIssuersOf
ex:issuer_83,ex:person_135,ex:inPossibleIssuersOf
ex:issuer_88,ex:person_14,ex:inPossibleIssuersOf
ex:issuer_88,ex:person_16,ex:inPossibleIssuersOf
ex:issuer_88,ex:person_17,ex:inPossibleIssuersOf
ex:issuer_88,ex:person_19,ex:inPossibleIssuersOf
ex:issuer_88,ex:person_118,ex:inPossibleIssuersOf
ex:issuer_88,ex:person_126,ex:inPossibleIssuersOf
ex:issuer_88,ex:person_135,ex:inPossibleIssuersOf
ex:issuer_88,ex:person_140,ex:inPossibleIssuersOf
ex:issuer_88,ex:person_141,ex:inPossibleIssuersOf
ex:coin_13150,ex:issuer_83,nmo:hasIssuer
ex:coin_13150,ex:issuer_88,nmo:hasIssuer
ex:coin_13150,ex:person_15,nmo:hasPortrait
ex:coin_13150,ex:person_17,nmo:hasPortrait
ex:person_15,ex:issuer_83,ex:hasPossibleIssuers
ex:person_17,ex:issuer_83,ex:hasPossibleIssuers
ex:person_17,ex:issuer_88,ex:hasPossibleIssuers
ex:person_17,ex:issuer_269,ex:hasPossibleIssuers
ex:issuer_83,ex:person_11,ex:inPossibleIssuersOf
ex:issuer_83,ex:person_12,ex:inPossibleIssuersOf
ex:issuer_83,ex:person_14,ex:inPossibleIssuersOf
ex:issuer_83,ex:person_15,ex:inPossibleIssuersOf
ex:issuer_83,ex:person_16,ex:inPossibleIssuersOf
ex:issuer_83,ex:person_17,ex:inPossibleIssuersOf
ex:issuer_83,ex:person_135,ex:inPossibleIssuersOf
ex:issuer_88,ex:person_14,ex:inPossibleIssuersOf
ex:issuer_88,ex:person_16,ex:inPossibleIssuersOf
ex:issuer_88,ex:person_17,ex:inPossibleIssuersOf
ex:issuer_88,ex:person_19,ex:inPossibleIssuersOf
ex:issuer_88,ex:person_118,ex:inPossibleIssuersOf
ex:issuer_88,ex:person_126,ex:inPossibleIssuersOf
ex:issuer_88,ex:person_135,ex:inPossibleIssuersOf
ex:issuer_88,ex:person_140,ex:inPossibleIssuersOf
ex:issuer_88,ex:person_141,ex:inPossibleIssuersOf
ex:coin_13181,ex:issuer_83,nmo:hasIssuer
ex:coin_13181,ex:issuer_88,nmo:hasIssuer
ex:coin_13181,ex:person_15,nmo:hasPortrait
ex:coin_13181,ex:person_17,nmo:hasPortrait
ex:person_15,ex:issuer_83,ex:hasPossibleIssuers
ex:person_17,ex:issuer_83,ex:hasPossibleIssuers
ex:person_17,ex:issuer_88,ex:hasPossibleIssuers
ex:person_17,ex:issuer_269,ex:hasPossibleIssuers
ex:issuer_83,ex:person_11,ex:inPossibleIssuersOf
ex:issuer_83,ex:person_12,ex:inPossibleIssuersOf
ex:issuer_83,ex:person_14,ex:inPossibleIssuersOf
ex:issuer_83,ex:person_15,ex:inPossibleIssuersOf
ex:issuer_83,ex:person_16,ex:inPossibleIssuersOf
ex:issuer_83,ex:person_17,ex:inPossibleIssuersOf
ex:issuer_83,ex:person_135,ex:inPossibleIssuersOf
ex:issuer_88,ex:person_14,ex:inPossibleIssuersOf
ex:issuer_88,ex:person_16,ex:inPossibleIssuersOf
ex:issuer_88,ex:person_17,ex:inPossibleIssuersOf
ex:issuer_88,ex:person_19,ex:inPossibleIssuersOf
ex:issuer_88,ex:person_118,ex:inPossibleIssuersOf
ex:issuer_88,ex:person_126,ex:inPossibleIssuersOf
ex:issuer_88,ex:person_135,ex:inPossibleIssuersOf
ex:issuer_88,ex:person_140,ex:inPossibleIssuersOf
ex:issuer_88,ex:person_141,ex:inPossibleIssuersOf
ex:coin_13825,ex:issuer_83,nmo:hasIssuer
ex:coin_13825,ex:issuer_88,nmo:hasIssuer
ex:coin_13825,ex:person_17,nmo:hasPortrait
ex:coin_13825,ex:person_126,nmo:hasPortrait
ex:person_17,ex:issuer_83,ex:hasPossibleIssuers
ex:person_17,ex:issuer_88,ex:hasPossibleIssuers
ex:person_17,ex:issuer_269,ex:hasPossibleIssuers
ex:person_126,ex:issuer_88,ex:hasPossibleIssuers
ex:issuer_83,ex:person_11,ex:inPossibleIssuersOf
ex:issuer_83,ex:person_12,ex:inPossibleIssuersOf
ex:issuer_83,ex:person_14,ex:inPossibleIssuersOf
ex:issuer_83,ex:person_15,ex:inPossibleIssuersOf
ex:issuer_83,ex:person_16,ex:inPossibleIssuersOf
ex:issuer_83,ex:person_17,ex:inPossibleIssuersOf
ex:issuer_83,ex:person_135,ex:inPossibleIssuersOf
ex:issuer_88,ex:person_14,ex:inPossibleIssuersOf
ex:issuer_88,ex:person_16,ex:inPossibleIssuersOf
ex:issuer_88,ex:person_17,ex:inPossibleIssuersOf
ex:issuer_88,ex:person_19,ex:inPossibleIssuersOf
ex:issuer_88,ex:person_118,ex:inPossibleIssuersOf
ex:issuer_88,ex:person_126,ex:inPossibleIssuersOf
ex:issuer_88,ex:person_135,ex:inPossibleIssuersOf
ex:issuer_88,ex:person_140,ex:inPossibleIssuersOf
ex:issuer_88,ex:person_141,ex:inPossibleIssuersOf
ex:coin_17147,ex:issuer_83,nmo:hasIssuer
ex:coin_17147,ex:issuer_88,nmo:hasIssuer
ex:coin_17147,ex:person_15,nmo:hasPortrait
ex:coin_17147,ex:person_17,nmo:hasPortrait
ex:person_15,ex:issuer_83,ex:hasPossibleIssuers
ex:person_17,ex:issuer_83,ex:hasPossibleIssuers
ex:person_17,ex:issuer_88,ex:hasPossibleIssuers
ex:person_17,ex:issuer_269,ex:hasPossibleIssuers
ex:issuer_83,ex:person_11,ex:inPossibleIssuersOf
ex:issuer_83,ex:person_12,ex:inPossibleIssuersOf
ex:issuer_83,ex:person_14,ex:inPossibleIssuersOf
ex:issuer_83,ex:person_15,ex:inPossibleIssuersOf
ex:issuer_83,ex:person_16,ex:inPossibleIssuersOf
ex:issuer_83,ex:person_17,ex:inPossibleIssuersOf
ex:issuer_83,ex:person_135,ex:inPossibleIssuersOf
ex:issuer_88,ex:person_14,ex:inPossibleIssuersOf
ex:issuer_88,ex:person_16,ex:inPossibleIssuersOf
ex:issuer_88,ex:person_17,ex:inPossibleIssuersOf
ex:issuer_88,ex:person_19,ex:inPossibleIssuersOf
ex:issuer_88,ex:person_118,ex:inPossibleIssuersOf
ex:issuer_88,ex:person_126,ex:inPossibleIssuersOf
ex:issuer_88,ex:person_135,ex:inPossibleIssuersOf
ex:issuer_88,ex:person_140,ex:inPossibleIssuersOf
ex:issuer_88,ex:person_141,ex:inPossibleIssuersOf
ex:coin_17206,ex:issuer_83,nmo:hasIssuer
ex:coin_17206,ex:issuer_88,nmo:hasIssuer
ex:coin_17206,ex:person_15,nmo:hasPortrait
ex:coin_17206,ex:person_17,nmo:hasPortrait
ex:person_15,ex:issuer_83,ex:hasPossibleIssuers
ex:person_17,ex:issuer_83,ex:hasPossibleIssuers
ex:person_17,ex:issuer_88,ex:hasPossibleIssuers
ex:person_17,ex:issuer_269,ex:hasPossibleIssuers
ex:issuer_83,ex:person_11,ex:inPossibleIssuersOf
ex:issuer_83,ex:person_12,ex:inPossibleIssuersOf
ex:issuer_83,ex:person_14,ex:inPossibleIssuersOf
ex:issuer_83,ex:person_15,ex:inPossibleIssuersOf
ex:issuer_83,ex:person_16,ex:inPossibleIssuersOf
ex:issuer_83,ex:person_17,ex:inPossibleIssuersOf
ex:issuer_83,ex:person_135,ex:inPossibleIssuersOf
ex:issuer_88,ex:person_14,ex:inPossibleIssuersOf
ex:issuer_88,ex:person_16,ex:inPossibleIssuersOf
ex:issuer_88,ex:person_17,ex:inPossibleIssuersOf
ex:issuer_88,ex:person_19,ex:inPossibleIssuersOf
ex:issuer_88,ex:person_118,ex:inPossibleIssuersOf
ex:issuer_88,ex:person_126,ex:inPossibleIssuersOf
ex:issuer_88,ex:person_135,ex:inPossibleIssuersOf
ex:issuer_88,ex:person_140,ex:inPossibleIssuersOf
ex:issuer_88,ex:person_141,ex:inPossibleIssuersOf
ex:coin_27983,ex:issuer_83,nmo:hasIssuer
ex:coin_27983,ex:issuer_88,nmo:hasIssuer
ex:coin_27983,ex:person_15,nmo:hasPortrait
ex:coin_27983,ex:person_17,nmo:hasPortrait
ex:person_15,ex:issuer_83,ex:hasPossibleIssuers
ex:person_17,ex:issuer_83,ex:hasPossibleIssuers
ex:person_17,ex:issuer_88,ex:hasPossibleIssuers
ex:person_17,ex:issuer_269,ex:hasPossibleIssuers
ex:issuer_83,ex:person_11,ex:inPossibleIssuersOf
ex:issuer_83,ex:person_12,ex:inPossibleIssuersOf
ex:issuer_83,ex:person_14,ex:inPossibleIssuersOf
ex:issuer_83,ex:person_15,ex:inPossibleIssuersOf
ex:issuer_83,ex:person_16,ex:inPossibleIssuersOf
ex:issuer_83,ex:person_17,ex:inPossibleIssuersOf
ex:issuer_83,ex:person_135,ex:inPossibleIssuersOf
ex:issuer_88,ex:person_14,ex:inPossibleIssuersOf
ex:issuer_88,ex:person_16,ex:inPossibleIssuersOf
ex:issuer_88,ex:person_17,ex:inPossibleIssuersOf
ex:issuer_88,ex:person_19,ex:inPossibleIssuersOf
ex:issuer_88,ex:person_118,ex:inPossibleIssuersOf
ex:issuer_88,ex:person_126,ex:inPossibleIssuersOf
ex:issuer_88,ex:person_135,ex:inPossibleIssuersOf
ex:issuer_88,ex:person_140,ex:inPossibleIssuersOf
ex:issuer_88,ex:person_141,ex:inPossibleIssuersOf
ex:coin_27989,ex:issuer_83,nmo:hasIssuer
ex:coin_27989,ex:issuer_88,nmo:hasIssuer
ex:coin_27989,ex:person_15,nmo:hasPortrait
ex:coin_27989,ex:person_17,nmo:hasPortrait
ex:person_15,ex:issuer_83,ex:hasPossibleIssuers
ex:person_17,ex:issuer_83,ex:hasPossibleIssuers
ex:person_17,ex:issuer_88,ex:hasPossibleIssuers
ex:person_17,ex:issuer_269,ex:hasPossibleIssuers
ex:issuer_83,ex:person_11,ex:inPossibleIssuersOf
ex:issuer_83,ex:person_12,ex:inPossibleIssuersOf
ex:issuer_83,ex:person_14,ex:inPossibleIssuersOf
ex:issuer_83,ex:person_15,ex:inPossibleIssuersOf
ex:issuer_83,ex:person_16,ex:inPossibleIssuersOf
ex:issuer_83,ex:person_17,ex:inPossibleIssuersOf
ex:issuer_83,ex:person_135,ex:inPossibleIssuersOf
ex:issuer_88,ex:person_14,ex:inPossibleIssuersOf
ex:issuer_88,ex:person_16,ex:inPossibleIssuersOf
ex:issuer_88,ex:person_17,ex:inPossibleIssuersOf
ex:issuer_88,ex:person_19,ex:inPossibleIssuersOf
ex:issuer_88,ex:person_118,ex:inPossibleIssuersOf
ex:issuer_88,ex:person_126,ex:inPossibleIssuersOf
ex:issuer_88,ex:person_135,ex:inPossibleIssuersOf
ex:issuer_88,ex:person_140,ex:inPossibleIssuersOf
ex:issuer_88,ex:person_141,ex:inPossibleIssuersOf
ex:coin_27991,ex:issuer_83,nmo:hasIssuer
ex:coin_27991,ex:issuer_88,nmo:hasIssuer
ex:coin_27991,ex:person_15,nmo:hasPortrait
ex:coin_27991,ex:person_17,nmo:hasPortrait
ex:person_15,ex:issuer_83,ex:hasPossibleIssuers
ex:person_17,ex:issuer_83,ex:hasPossibleIssuers
ex:person_17,ex:issuer_88,ex:hasPossibleIssuers
ex:person_17,ex:issuer_269,ex:hasPossibleIssuers
ex:issuer_83,ex:person_11,ex:inPossibleIssuersOf
ex:issuer_83,ex:person_12,ex:inPossibleIssuersOf
ex:issuer_83,ex:person_14,ex:inPossibleIssuersOf
ex:issuer_83,ex:person_15,ex:inPossibleIssuersOf
ex:issuer_83,ex:person_16,ex:inPossibleIssuersOf
ex:issuer_83,ex:person_17,ex:inPossibleIssuersOf
ex:issuer_83,ex:person_135,ex:inPossibleIssuersOf
ex:issuer_88,ex:person_14,ex:inPossibleIssuersOf
ex:issuer_88,ex:person_16,ex:inPossibleIssuersOf
ex:issuer_88,ex:person_17,ex:inPossibleIssuersOf
ex:issuer_88,ex:person_19,ex:inPossibleIssuersOf
ex:issuer_88,ex:person_118,ex:inPossibleIssuersOf
ex:issuer_88,ex:person_126,ex:inPossibleIssuersOf
ex:issuer_88,ex:person_135,ex:inPossibleIssuersOf
ex:issuer_88,ex:person_140,ex:inPossibleIssuersOf
ex:issuer_88,ex:person_141,ex:inPossibleIssuersOf
ex:coin_28045,ex:issuer_83,nmo:hasIssuer
ex:coin_28045,ex:issuer_88,nmo:hasIssuer
ex:coin_28045,ex:person_15,nmo:hasPortrait
ex:coin_28045,ex:person_17,nmo:hasPortrait
ex:person_15,ex:issuer_83,ex:hasPossibleIssuers
ex:person_17,ex:issuer_83,ex:hasPossibleIssuers
ex:person_17,ex:issuer_88,ex:hasPossibleIssuers
ex:person_17,ex:issuer_269,ex:hasPossibleIssuers
ex:issuer_83,ex:person_11,ex:inPossibleIssuersOf
ex:issuer_83,ex:person_12,ex:inPossibleIssuersOf
ex:issuer_83,ex:person_14,ex:inPossibleIssuersOf
ex:issuer_83,ex:person_15,ex:inPossibleIssuersOf
ex:issuer_83,ex:person_16,ex:inPossibleIssuersOf
ex:issuer_83,ex:person_17,ex:inPossibleIssuersOf
ex:issuer_83,ex:person_135,ex:inPossibleIssuersOf
ex:issuer_88,ex:person_14,ex:inPossibleIssuersOf
ex:issuer_88,ex:person_16,ex:inPossibleIssuersOf
ex:issuer_88,ex:person_17,ex:inPossibleIssuersOf
ex:issuer_88,ex:person_19,ex:inPossibleIssuersOf
ex:issuer_88,ex:person_118,ex:inPossibleIssuersOf
ex:issuer_88,ex:person_126,ex:inPossibleIssuersOf
ex:issuer_88,ex:person_135,ex:inPossibleIssuersOf
ex:issuer_88,ex:person_140,ex:inPossibleIssuersOf
ex:issuer_88,ex:person_141,ex:inPossibleIssuersOf
ex:coin_28049,ex:issuer_83,nmo:hasIssuer
ex:coin_28049,ex:issuer_88,nmo:hasIssuer
ex:coin_28049,ex:person_15,nmo:hasPortrait
ex:coin_28049,ex:person_17,nmo:hasPortrait
ex:person_15,ex:issuer_83,ex:hasPossibleIssuers
ex:person_17,ex:issuer_83,ex:hasPossibleIssuers
ex:person_17,ex:issuer_88,ex:hasPossibleIssuers
ex:person_17,ex:issuer_269,ex:hasPossibleIssuers
ex:issuer_83,ex:person_11,ex:inPossibleIssuersOf
ex:issuer_83,ex:person_12,ex:inPossibleIssuersOf
ex:issuer_83,ex:person_14,ex:inPossibleIssuersOf
ex:issuer_83,ex:person_15,ex:inPossibleIssuersOf
ex:issuer_83,ex:person_16,ex:inPossibleIssuersOf
ex:issuer_83,ex:person_17,ex:inPossibleIssuersOf
ex:issuer_83,ex:person_135,ex:inPossibleIssuersOf
ex:issuer_88,ex:person_14,ex:inPossibleIssuersOf
ex:issuer_88,ex:person_16,ex:inPossibleIssuersOf
ex:issuer_88,ex:person_17,ex:inPossibleIssuersOf
ex:issuer_88,ex:person_19,ex:inPossibleIssuersOf
ex:issuer_88,ex:person_118,ex:inPossibleIssuersOf
ex:issuer_88,ex:person_126,ex:inPossibleIssuersOf
ex:issuer_88,ex:person_135,ex:inPossibleIssuersOf
ex:issuer_88,ex:person_140,ex:inPossibleIssuersOf
ex:issuer_88,ex:person_141,ex:inPossibleIssuersOf
ex:coin_28687,ex:issuer_83,nmo:hasIssuer
ex:coin_28687,ex:issuer_88,nmo:hasIssuer
ex:coin_28687,ex:person_17,nmo:hasPortrait
ex:coin_28687,ex:person_19,nmo:hasPortrait
ex:person_17,ex:issuer_83,ex:hasPossibleIssuers
ex:person_17,ex:issuer_88,ex:hasPossibleIssuers
ex:person_17,ex:issuer_269,ex:hasPossibleIssuers
ex:person_19,ex:issuer_88,ex:hasPossibleIssuers
ex:issuer_83,ex:person_11,ex:inPossibleIssuersOf
ex:issuer_83,ex:person_12,ex:inPossibleIssuersOf
ex:issuer_83,ex:person_14,ex:inPossibleIssuersOf
ex:issuer_83,ex:person_15,ex:inPossibleIssuersOf
ex:issuer_83,ex:person_16,ex:inPossibleIssuersOf
ex:issuer_83,ex:person_17,ex:inPossibleIssuersOf
ex:issuer_83,ex:person_135,ex:inPossibleIssuersOf
ex:issuer_88,ex:person_14,ex:inPossibleIssuersOf
ex:issuer_88,ex:person_16,ex:inPossibleIssuersOf
ex:issuer_88,ex:person_17,ex:inPossibleIssuersOf
ex:issuer_88,ex:person_19,ex:inPossibleIssuersOf
ex:issuer_88,ex:person_118,ex:inPossibleIssuersOf
ex:issuer_88,ex:person_126,ex:inPossibleIssuersOf
ex:issuer_88,ex:person_135,ex:inPossibleIssuersOf
ex:issuer_88,ex:person_140,ex:inPossibleIssuersOf
ex:issuer_88,ex:person_141,ex:inPossibleIssuersOf
ex:coin_28688,ex:issuer_83,nmo:hasIssuer
ex:coin_28688,ex:issuer_88,nmo:hasIssuer
ex:coin_28688,ex:person_17,nmo:hasPortrait
ex:coin_28688,ex:person_19,nmo:hasPortrait
ex:person_17,ex:issuer_83,ex:hasPossibleIssuers
ex:person_17,ex:issuer_88,ex:hasPossibleIssuers
ex:person_17,ex:issuer_269,ex:hasPossibleIssuers
ex:person_19,ex:issuer_88,ex:hasPossibleIssuers
ex:issuer_83,ex:person_11,ex:inPossibleIssuersOf
ex:issuer_83,ex:person_12,ex:inPossibleIssuersOf
ex:issuer_83,ex:person_14,ex:inPossibleIssuersOf
ex:issuer_83,ex:person_15,ex:inPossibleIssuersOf
ex:issuer_83,ex:person_16,ex:inPossibleIssuersOf
ex:issuer_83,ex:person_17,ex:inPossibleIssuersOf
ex:issuer_83,ex:person_135,ex:inPossibleIssuersOf
ex:issuer_88,ex:person_14,ex:inPossibleIssuersOf
ex:issuer_88,ex:person_16,ex:inPossibleIssuersOf
ex:issuer_88,ex:person_17,ex:inPossibleIssuersOf
ex:issuer_88,ex:person_19,ex:inPossibleIssuersOf
ex:issuer_88,ex:person_118,ex:inPossibleIssuersOf
ex:issuer_88,ex:person_126,ex:inPossibleIssuersOf
ex:issuer_88,ex:person_135,ex:inPossibleIssuersOf
ex:issuer_88,ex:person_140,ex:inPossibleIssuersOf
ex:issuer_88,ex:person_141,ex:inPossibleIssuersOf
ex:coin_32069,ex:issuer_83,nmo:hasIssuer
ex:coin_32069,ex:issuer_88,nmo:hasIssuer
ex:coin_32069,ex:person_17,nmo:hasPortrait
ex:coin_32069,ex:person_19,nmo:hasPortrait
ex:person_17,ex:issuer_83,ex:hasPossibleIssuers
ex:person_17,ex:issuer_88,ex:hasPossibleIssuers
ex:person_17,ex:issuer_269,ex:hasPossibleIssuers
ex:person_19,ex:issuer_88,ex:hasPossibleIssuers
ex:issuer_83,ex:person_11,ex:inPossibleIssuersOf
ex:issuer_83,ex:person_12,ex:inPossibleIssuersOf
ex:issuer_83,ex:person_14,ex:inPossibleIssuersOf
ex:issuer_83,ex:person_15,ex:inPossibleIssuersOf
ex:issuer_83,ex:person_16,ex:inPossibleIssuersOf
ex:issuer_83,ex:person_17,ex:inPossibleIssuersOf
ex:issuer_83,ex:person_135,ex:inPossibleIssuersOf
ex:issuer_88,ex:person_14,ex:inPossibleIssuersOf
ex:issuer_88,ex:person_16,ex:inPossibleIssuersOf
ex:issuer_88,ex:person_17,ex:inPossibleIssuersOf
ex:issuer_88,ex:person_19,ex:inPossibleIssuersOf
ex:issuer_88,ex:person_118,ex:inPossibleIssuersOf
ex:issuer_88,ex:person_126,ex:inPossibleIssuersOf
ex:issuer_88,ex:person_135,ex:inPossibleIssuersOf
ex:issuer_88,ex:person_140,ex:inPossibleIssuersOf
ex:issuer_88,ex:person_141,ex:inPossibleIssuersOf
ex:coin_33018,ex:issuer_83,nmo:hasIssuer
ex:coin_33018,ex:issuer_88,nmo:hasIssuer
ex:coin_33018,ex:person_17,nmo:hasPortrait
ex:coin_33018,ex:person_19,nmo:hasPortrait
ex:person_17,ex:issuer_83,ex:hasPossibleIssuers
ex:person_17,ex:issuer_88,ex:hasPossibleIssuers
ex:person_17,ex:issuer_269,ex:hasPossibleIssuers
ex:person_19,ex:issuer_88,ex:hasPossibleIssuers
ex:issuer_83,ex:person_11,ex:inPossibleIssuersOf
ex:issuer_83,ex:person_12,ex:inPossibleIssuersOf
ex:issuer_83,ex:person_14,ex:inPossibleIssuersOf
ex:issuer_83,ex:person_15,ex:inPossibleIssuersOf
ex:issuer_83,ex:person_16,ex:inPossibleIssuersOf
ex:issuer_83,ex:person_17,ex:inPossibleIssuersOf
ex:issuer_83,ex:person_135,ex:inPossibleIssuersOf
ex:issuer_88,ex:person_14,ex:inPossibleIssuersOf
ex:issuer_88,ex:person_16,ex:inPossibleIssuersOf
ex:issuer_88,ex:person_17,ex:inPossibleIssuersOf
ex:issuer_88,ex:person_19,ex:inPossibleIssuersOf
ex:issuer_88,ex:person_118,ex:inPossibleIssuersOf
ex:issuer_88,ex:person_126,ex:inPossibleIssuersOf
ex:issuer_88,ex:person_135,ex:inPossibleIssuersOf
ex:issuer_88,ex:person_140,ex:inPossibleIssuersOf
ex:issuer_88,ex:person_141,ex:inPossibleIssuersOf
ex:coin_34113,ex:issuer_83,nmo:hasIssuer
ex:coin_34113,ex:issuer_88,nmo:hasIssuer
ex:coin_34113,ex:person_15,nmo:hasPortrait
ex:coin_34113,ex:person_17,nmo:hasPortrait
ex:person_15,ex:issuer_83,ex:hasPossibleIssuers
ex:person_17,ex:issuer_83,ex:hasPossibleIssuers
ex:person_17,ex:issuer_88,ex:hasPossibleIssuers
ex:person_17,ex:issuer_269,ex:hasPossibleIssuers
ex:issuer_83,ex:person_11,ex:inPossibleIssuersOf
ex:issuer_83,ex:person_12,ex:inPossibleIssuersOf
ex:issuer_83,ex:person_14,ex:inPossibleIssuersOf
ex:issuer_83,ex:person_15,ex:inPossibleIssuersOf
ex:issuer_83,ex:person_16,ex:inPossibleIssuersOf
ex:issuer_83,ex:person_17,ex:inPossibleIssuersOf
ex:issuer_83,ex:person_135,ex:inPossibleIssuersOf
ex:issuer_88,ex:person_14,ex:inPossibleIssuersOf
ex:issuer_88,ex:person_16,ex:inPossibleIssuersOf
ex:issuer_88,ex:person_17,ex:inPossibleIssuersOf
ex:issuer_88,ex:person_19,ex:inPossibleIssuersOf
ex:issuer_88,ex:person_118,ex:inPossibleIssuersOf
ex:issuer_88,ex:person_126,ex:inPossibleIssuersOf
ex:issuer_88,ex:person_135,ex:inPossibleIssuersOf
ex:issuer_88,ex:person_140,ex:inPossibleIssuersOf
ex:issuer_88,ex:person_141,ex:inPossibleIssuersOf
ex:coin_34579,ex:issuer_83,nmo:hasIssuer
ex:coin_34579,ex:issuer_88,nmo:hasIssuer
ex:coin_34579,ex:person_15,nmo:hasPortrait
ex:coin_34579,ex:person_17,nmo:hasPortrait
ex:person_15,ex:issuer_83,ex:hasPossibleIssuers
ex:person_17,ex:issuer_83,ex:hasPossibleIssuers
ex:person_17,ex:issuer_88,ex:hasPossibleIssuers
ex:person_17,ex:issuer_269,ex:hasPossibleIssuers
ex:issuer_83,ex:person_11,ex:inPossibleIssuersOf
ex:issuer_83,ex:person_12,ex:inPossibleIssuersOf
ex:issuer_83,ex:person_14,ex:inPossibleIssuersOf
ex:issuer_83,ex:person_15,ex:inPossibleIssuersOf
ex:issuer_83,ex:person_16,ex:inPossibleIssuersOf
ex:issuer_83,ex:person_17,ex:inPossibleIssuersOf
ex:issuer_83,ex:person_135,ex:inPossibleIssuersOf
ex:issuer_88,ex:person_14,ex:inPossibleIssuersOf
ex:issuer_88,ex:person_16,ex:inPossibleIssuersOf
ex:issuer_88,ex:person_17,ex:inPossibleIssuersOf
ex:issuer_88,ex:person_19,ex:inPossibleIssuersOf
ex:issuer_88,ex:person_118,ex:inPossibleIssuersOf
ex:issuer_88,ex:person_126,ex:inPossibleIssuersOf
ex:issuer_88,ex:person_135,ex:inPossibleIssuersOf
ex:issuer_88,ex:person_140,ex:inPossibleIssuersOf
ex:issuer_88,ex:person_141,ex:inPossibleIssuersOf
ex:coin_16298,ex:issuer_88,nmo:hasIssuer
ex:coin_16298,ex:issuer_94,nmo:hasIssuer
ex:coin_16298,ex:person_19,nmo:hasPortrait
ex:coin_16298,ex:person_21,nmo:hasPortrait
ex:person_19,ex:issuer_88,ex:hasPossibleIssuers
ex:person_21,ex:issuer_94,ex:hasPossibleIssuers
ex:issuer_88,ex:person_14,ex:inPossibleIssuersOf
ex:issuer_88,ex:person_16,ex:inPossibleIssuersOf
ex:issuer_88,ex:person_17,ex:inPossibleIssuersOf
ex:issuer_88,ex:person_19,ex:inPossibleIssuersOf
ex:issuer_88,ex:person_118,ex:inPossibleIssuersOf
ex:issuer_88,ex:person_126,ex:inPossibleIssuersOf
ex:issuer_88,ex:person_135,ex:inPossibleIssuersOf
ex:issuer_88,ex:person_140,ex:inPossibleIssuersOf
ex:issuer_88,ex:person_141,ex:inPossibleIssuersOf
ex:issuer_94,ex:person_21,ex:inPossibleIssuersOf
ex:issuer_94,ex:person_138,ex:inPossibleIssuersOf
ex:issuer_94,ex:person_141,ex:inPossibleIssuersOf
ex:coin_18200,ex:issuer_97,nmo:hasIssuer
ex:coin_18200,ex:issuer_103,nmo:hasIssuer
ex:coin_18200,ex:person_22,nmo:hasPortrait
ex:coin_18200,ex:person_25,nmo:hasPortrait
ex:person_22,ex:issuer_100,ex:hasPossibleIssuers
ex:person_25,ex:issuer_103,ex:hasPossibleIssuers
ex:issuer_97,ex:person_148,ex:inPossibleIssuersOf
ex:issuer_103,ex:person_25,ex:inPossibleIssuersOf
ex:issuer_103,ex:person_127,ex:inPossibleIssuersOf
ex:issuer_103,ex:person_128,ex:inPossibleIssuersOf
ex:issuer_103,ex:person_136,ex:inPossibleIssuersOf
ex:issuer_103,ex:person_149,ex:inPossibleIssuersOf
ex:issuer_103,ex:person_191,ex:inPossibleIssuersOf
ex:issuer_103,ex:person_194,ex:inPossibleIssuersOf
ex:coin_29827,ex:issuer_110,nmo:hasIssuer
ex:coin_29827,ex:issuer_111,nmo:hasIssuer
ex:coin_29827,ex:person_193,nmo:hasPortrait
ex:coin_29827,ex:person_44,nmo:hasPortrait
ex:person_193,ex:issuer_111,ex:hasPossibleIssuers
ex:person_44,ex:issuer_111,ex:hasPossibleIssuers
ex:issuer_110,ex:person_131,ex:inPossibleIssuersOf
ex:issuer_111,ex:person_44,ex:inPossibleIssuersOf
ex:issuer_111,ex:person_45,ex:inPossibleIssuersOf
ex:issuer_111,ex:person_131,ex:inPossibleIssuersOf
ex:issuer_111,ex:person_192,ex:inPossibleIssuersOf
ex:issuer_111,ex:person_193,ex:inPossibleIssuersOf
ex:coin_15467,ex:issuer_154,nmo:hasIssuer
ex:coin_15467,ex:issuer_131,nmo:hasIssuer
ex:coin_15467,ex:person_40,nmo:hasPortrait
ex:coin_15467,ex:person_41,nmo:hasPortrait
ex:person_40,ex:issuer_151,ex:hasPossibleIssuers
ex:person_40,ex:issuer_152,ex:hasPossibleIssuers
ex:person_41,ex:issuer_151,ex:hasPossibleIssuers
ex:person_41,ex:issuer_152,ex:hasPossibleIssuers
ex:issuer_131,ex:person_31,ex:inPossibleIssuersOf
ex:issuer_131,ex:person_42,ex:inPossibleIssuersOf
ex:coin_15468,ex:issuer_131,nmo:hasIssuer
ex:coin_15468,ex:issuer_154,nmo:hasIssuer
ex:coin_15468,ex:person_40,nmo:hasPortrait
ex:coin_15468,ex:person_41,nmo:hasPortrait
ex:person_40,ex:issuer_151,ex:hasPossibleIssuers
ex:person_40,ex:issuer_152,ex:hasPossibleIssuers
ex:person_41,ex:issuer_151,ex:hasPossibleIssuers
ex:person_41,ex:issuer_152,ex:hasPossibleIssuers
ex:issuer_131,ex:person_31,ex:inPossibleIssuersOf
ex:issuer_131,ex:person_42,ex:inPossibleIssuersOf
ex:coin_17654,ex:issuer_131,nmo:hasIssuer
ex:coin_17654,ex:issuer_154,nmo:hasIssuer
ex:coin_17654,ex:person_41,nmo:hasPortrait
ex:coin_17654,ex:person_40,nmo:hasPortrait
ex:person_41,ex:issuer_151,ex:hasPossibleIssuers
ex:person_41,ex:issuer_152,ex:hasPossibleIssuers
ex:person_40,ex:issuer_151,ex:hasPossibleIssuers
ex:person_40,ex:issuer_152,ex:hasPossibleIssuers
ex:issuer_131,ex:person_31,ex:inPossibleIssuersOf
ex:issuer_131,ex:person_42,ex:inPossibleIssuersOf
ex:coin_30071,ex:issuer_131,nmo:hasIssuer
ex:coin_30071,ex:issuer_154,nmo:hasIssuer
ex:coin_30071,ex:person_40,nmo:hasPortrait
ex:coin_30071,ex:person_41,nmo:hasPortrait
ex:person_40,ex:issuer_151,ex:hasPossibleIssuers
ex:person_40,ex:issuer_152,ex:hasPossibleIssuers
ex:person_41,ex:issuer_151,ex:hasPossibleIssuers
ex:person_41,ex:issuer_152,ex:hasPossibleIssuers
ex:issuer_131,ex:person_31,ex:inPossibleIssuersOf
ex:issuer_131,ex:person_42,ex:inPossibleIssuersOf
ex:coin_31174,ex:issuer_131,nmo:hasIssuer
ex:coin_31174,ex:issuer_151,nmo:hasIssuer
ex:coin_31174,ex:issuer_152,nmo:hasIssuer
ex:coin_31174,ex:person_36,nmo:hasPortrait
ex:coin_31174,ex:person_34,nmo:hasPortrait
ex:person_36,ex:issuer_152,ex:hasPossibleIssuers
ex:person_34,ex:issuer_151,ex:hasPossibleIssuers
ex:person_34,ex:issuer_161,ex:hasPossibleIssuers
ex:issuer_131,ex:person_31,ex:inPossibleIssuersOf
ex:issuer_131,ex:person_42,ex:inPossibleIssuersOf
ex:issuer_151,ex:person_34,ex:inPossibleIssuersOf
ex:issuer_151,ex:person_39,ex:inPossibleIssuersOf
ex:issuer_151,ex:person_40,ex:inPossibleIssuersOf
ex:issuer_151,ex:person_41,ex:inPossibleIssuersOf
ex:issuer_151,ex:person_43,ex:inPossibleIssuersOf
ex:issuer_151,ex:person_120,ex:inPossibleIssuersOf
ex:issuer_152,ex:person_36,ex:inPossibleIssuersOf
ex:issuer_152,ex:person_39,ex:inPossibleIssuersOf
ex:issuer_152,ex:person_40,ex:inPossibleIssuersOf
ex:issuer_152,ex:person_41,ex:inPossibleIssuersOf
ex:issuer_152,ex:person_43,ex:inPossibleIssuersOf
ex:coin_31662,ex:issuer_131,nmo:hasIssuer
ex:coin_31662,ex:issuer_151,nmo:hasIssuer
ex:coin_31662,ex:issuer_152,nmo:hasIssuer
ex:coin_31662,ex:person_36,nmo:hasPortrait
ex:coin_31662,ex:person_34,nmo:hasPortrait
ex:person_36,ex:issuer_152,ex:hasPossibleIssuers
ex:person_34,ex:issuer_151,ex:hasPossibleIssuers
ex:person_34,ex:issuer_161,ex:hasPossibleIssuers
ex:issuer_131,ex:person_31,ex:inPossibleIssuersOf
ex:issuer_131,ex:person_42,ex:inPossibleIssuersOf
ex:issuer_151,ex:person_34,ex:inPossibleIssuersOf
ex:issuer_151,ex:person_39,ex:inPossibleIssuersOf
ex:issuer_151,ex:person_40,ex:inPossibleIssuersOf
ex:issuer_151,ex:person_41,ex:inPossibleIssuersOf
ex:issuer_151,ex:person_43,ex:inPossibleIssuersOf
ex:issuer_151,ex:person_120,ex:inPossibleIssuersOf
ex:issuer_152,ex:person_36,ex:inPossibleIssuersOf
ex:issuer_152,ex:person_39,ex:inPossibleIssuersOf
ex:issuer_152,ex:person_40,ex:inPossibleIssuersOf
ex:issuer_152,ex:person_41,ex:inPossibleIssuersOf
ex:issuer_152,ex:person_43,ex:inPossibleIssuersOf
ex:coin_31817,ex:issuer_131,nmo:hasIssuer
ex:coin_31817,ex:issuer_151,nmo:hasIssuer
ex:coin_31817,ex:issuer_152,nmo:hasIssuer
ex:coin_31817,ex:person_36,nmo:hasPortrait
ex:coin_31817,ex:person_34,nmo:hasPortrait
ex:person_36,ex:issuer_152,ex:hasPossibleIssuers
ex:person_34,ex:issuer_151,ex:hasPossibleIssuers
ex:person_34,ex:issuer_161,ex:hasPossibleIssuers
ex:issuer_131,ex:person_31,ex:inPossibleIssuersOf
ex:issuer_131,ex:person_42,ex:inPossibleIssuersOf
ex:issuer_151,ex:person_34,ex:inPossibleIssuersOf
ex:issuer_151,ex:person_39,ex:inPossibleIssuersOf
ex:issuer_151,ex:person_40,ex:inPossibleIssuersOf
ex:issuer_151,ex:person_41,ex:inPossibleIssuersOf
ex:issuer_151,ex:person_43,ex:inPossibleIssuersOf
ex:issuer_151,ex:person_120,ex:inPossibleIssuersOf
ex:issuer_152,ex:person_36,ex:inPossibleIssuersOf
ex:issuer_152,ex:person_39,ex:inPossibleIssuersOf
ex:issuer_152,ex:person_40,ex:inPossibleIssuersOf
ex:issuer_152,ex:person_41,ex:inPossibleIssuersOf
ex:issuer_152,ex:person_43,ex:inPossibleIssuersOf
ex:coin_31995,ex:issuer_131,nmo:hasIssuer
ex:coin_31995,ex:issuer_151,nmo:hasIssuer
ex:coin_31995,ex:issuer_152,nmo:hasIssuer
ex:coin_31995,ex:person_36,nmo:hasPortrait
ex:coin_31995,ex:person_34,nmo:hasPortrait
ex:person_36,ex:issuer_152,ex:hasPossibleIssuers
ex:person_34,ex:issuer_151,ex:hasPossibleIssuers
ex:person_34,ex:issuer_161,ex:hasPossibleIssuers
ex:issuer_131,ex:person_31,ex:inPossibleIssuersOf
ex:issuer_131,ex:person_42,ex:inPossibleIssuersOf
ex:issuer_151,ex:person_34,ex:inPossibleIssuersOf
ex:issuer_151,ex:person_39,ex:inPossibleIssuersOf
ex:issuer_151,ex:person_40,ex:inPossibleIssuersOf
ex:issuer_151,ex:person_41,ex:inPossibleIssuersOf
ex:issuer_151,ex:person_43,ex:inPossibleIssuersOf
ex:issuer_151,ex:person_120,ex:inPossibleIssuersOf
ex:issuer_152,ex:person_36,ex:inPossibleIssuersOf
ex:issuer_152,ex:person_39,ex:inPossibleIssuersOf
ex:issuer_152,ex:person_40,ex:inPossibleIssuersOf
ex:issuer_152,ex:person_41,ex:inPossibleIssuersOf
ex:issuer_152,ex:person_43,ex:inPossibleIssuersOf
ex:coin_33410,ex:issuer_131,nmo:hasIssuer
ex:coin_33410,ex:issuer_151,nmo:hasIssuer
ex:coin_33410,ex:issuer_152,nmo:hasIssuer
ex:coin_33410,ex:person_36,nmo:hasPortrait
ex:coin_33410,ex:person_34,nmo:hasPortrait
ex:person_36,ex:issuer_152,ex:hasPossibleIssuers
ex:person_34,ex:issuer_151,ex:hasPossibleIssuers
ex:person_34,ex:issuer_161,ex:hasPossibleIssuers
ex:issuer_131,ex:person_31,ex:inPossibleIssuersOf
ex:issuer_131,ex:person_42,ex:inPossibleIssuersOf
ex:issuer_151,ex:person_34,ex:inPossibleIssuersOf
ex:issuer_151,ex:person_39,ex:inPossibleIssuersOf
ex:issuer_151,ex:person_40,ex:inPossibleIssuersOf
ex:issuer_151,ex:person_41,ex:inPossibleIssuersOf
ex:issuer_151,ex:person_43,ex:inPossibleIssuersOf
ex:issuer_151,ex:person_120,ex:inPossibleIssuersOf
ex:issuer_152,ex:person_36,ex:inPossibleIssuersOf
ex:issuer_152,ex:person_39,ex:inPossibleIssuersOf
ex:issuer_152,ex:person_40,ex:inPossibleIssuersOf
ex:issuer_152,ex:person_41,ex:inPossibleIssuersOf
ex:issuer_152,ex:person_43,ex:inPossibleIssuersOf
ex:coin_33834,ex:issuer_131,nmo:hasIssuer
ex:coin_33834,ex:issuer_151,nmo:hasIssuer
ex:coin_33834,ex:issuer_152,nmo:hasIssuer
ex:coin_33834,ex:person_36,nmo:hasPortrait
ex:coin_33834,ex:person_34,nmo:hasPortrait
ex:person_36,ex:issuer_152,ex:hasPossibleIssuers
ex:person_34,ex:issuer_151,ex:hasPossibleIssuers
ex:person_34,ex:issuer_161,ex:hasPossibleIssuers
ex:issuer_131,ex:person_31,ex:inPossibleIssuersOf
ex:issuer_131,ex:person_42,ex:inPossibleIssuersOf
ex:issuer_151,ex:person_34,ex:inPossibleIssuersOf
ex:issuer_151,ex:person_39,ex:inPossibleIssuersOf
ex:issuer_151,ex:person_40,ex:inPossibleIssuersOf
ex:issuer_151,ex:person_41,ex:inPossibleIssuersOf
ex:issuer_151,ex:person_43,ex:inPossibleIssuersOf
ex:issuer_151,ex:person_120,ex:inPossibleIssuersOf
ex:issuer_152,ex:person_36,ex:inPossibleIssuersOf
ex:issuer_152,ex:person_39,ex:inPossibleIssuersOf
ex:issuer_152,ex:person_40,ex:inPossibleIssuersOf
ex:issuer_152,ex:person_41,ex:inPossibleIssuersOf
ex:issuer_152,ex:person_43,ex:inPossibleIssuersOf
ex:coin_34869,ex:issuer_131,nmo:hasIssuer
ex:coin_34869,ex:issuer_151,nmo:hasIssuer
ex:coin_34869,ex:issuer_152,nmo:hasIssuer
ex:coin_34869,ex:person_36,nmo:hasPortrait
ex:coin_34869,ex:person_34,nmo:hasPortrait
ex:person_36,ex:issuer_152,ex:hasPossibleIssuers
ex:person_34,ex:issuer_151,ex:hasPossibleIssuers
ex:person_34,ex:issuer_161,ex:hasPossibleIssuers
ex:issuer_131,ex:person_31,ex:inPossibleIssuersOf
ex:issuer_131,ex:person_42,ex:inPossibleIssuersOf
ex:issuer_151,ex:person_34,ex:inPossibleIssuersOf
ex:issuer_151,ex:person_39,ex:inPossibleIssuersOf
ex:issuer_151,ex:person_40,ex:inPossibleIssuersOf
ex:issuer_151,ex:person_41,ex:inPossibleIssuersOf
ex:issuer_151,ex:person_43,ex:inPossibleIssuersOf
ex:issuer_151,ex:person_120,ex:inPossibleIssuersOf
ex:issuer_152,ex:person_36,ex:inPossibleIssuersOf
ex:issuer_152,ex:person_39,ex:inPossibleIssuersOf
ex:issuer_152,ex:person_40,ex:inPossibleIssuersOf
ex:issuer_152,ex:person_41,ex:inPossibleIssuersOf
ex:issuer_152,ex:person_43,ex:inPossibleIssuersOf
ex:coin_34975,ex:issuer_131,nmo:hasIssuer
ex:coin_34975,ex:issuer_154,nmo:hasIssuer
ex:coin_34975,ex:person_40,nmo:hasPortrait
ex:coin_34975,ex:person_41,nmo:hasPortrait
ex:person_40,ex:issuer_151,ex:hasPossibleIssuers
ex:person_40,ex:issuer_152,ex:hasPossibleIssuers
ex:person_41,ex:issuer_151,ex:hasPossibleIssuers
ex:person_41,ex:issuer_152,ex:hasPossibleIssuers
ex:issuer_131,ex:person_31,ex:inPossibleIssuersOf
ex:issuer_131,ex:person_42,ex:inPossibleIssuersOf
ex:coin_37622,ex:issuer_131,nmo:hasIssuer
ex:coin_37622,ex:issuer_151,nmo:hasIssuer
ex:coin_37622,ex:issuer_152,nmo:hasIssuer
ex:coin_37622,ex:person_36,nmo:hasPortrait
ex:coin_37622,ex:person_34,nmo:hasPortrait
ex:person_36,ex:issuer_152,ex:hasPossibleIssuers
ex:person_34,ex:issuer_151,ex:hasPossibleIssuers
ex:person_34,ex:issuer_161,ex:hasPossibleIssuers
ex:issuer_131,ex:person_31,ex:inPossibleIssuersOf
ex:issuer_131,ex:person_42,ex:inPossibleIssuersOf
ex:issuer_151,ex:person_34,ex:inPossibleIssuersOf
ex:issuer_151,ex:person_39,ex:inPossibleIssuersOf
ex:issuer_151,ex:person_40,ex:inPossibleIssuersOf
ex:issuer_151,ex:person_41,ex:inPossibleIssuersOf
ex:issuer_151,ex:person_43,ex:inPossibleIssuersOf
ex:issuer_151,ex:person_120,ex:inPossibleIssuersOf
ex:issuer_152,ex:person_36,ex:inPossibleIssuersOf
ex:issuer_152,ex:person_39,ex:inPossibleIssuersOf
ex:issuer_152,ex:person_40,ex:inPossibleIssuersOf
ex:issuer_152,ex:person_41,ex:inPossibleIssuersOf
ex:issuer_152,ex:person_43,ex:inPossibleIssuersOf
ex:coin_16547,ex:issuer_163,nmo:hasIssuer
ex:coin_16547,ex:issuer_165,nmo:hasIssuer
ex:coin_16547,ex:issuer_171,nmo:hasIssuer
ex:coin_16547,ex:person_33,nmo:hasPortrait
ex:coin_16547,ex:person_32,nmo:hasPortrait
ex:person_33,ex:issuer_150,ex:hasPossibleIssuers
ex:coin_16553,ex:issuer_163,nmo:hasIssuer
ex:coin_16553,ex:issuer_165,nmo:hasIssuer
ex:coin_16553,ex:issuer_171,nmo:hasIssuer
ex:coin_16553,ex:person_33,nmo:hasPortrait
ex:coin_16553,ex:person_32,nmo:hasPortrait
ex:person_33,ex:issuer_150,ex:hasPossibleIssuers
ex:coin_16560,ex:issuer_163,nmo:hasIssuer
ex:coin_16560,ex:issuer_165,nmo:hasIssuer
ex:coin_16560,ex:issuer_171,nmo:hasIssuer
ex:coin_16560,ex:person_33,nmo:hasPortrait
ex:coin_16560,ex:person_32,nmo:hasPortrait
ex:person_33,ex:issuer_150,ex:hasPossibleIssuers
ex:coin_16564,ex:issuer_163,nmo:hasIssuer
ex:coin_16564,ex:issuer_165,nmo:hasIssuer
ex:coin_16564,ex:issuer_171,nmo:hasIssuer
ex:coin_16564,ex:person_33,nmo:hasPortrait
ex:coin_16564,ex:person_32,nmo:hasPortrait
ex:person_33,ex:issuer_150,ex:hasPossibleIssuers
